status,X1,X2,X3,X4,X5,X6,X7,X8,X9,X10,X11,X12,X13,X14,X15,X16,X17,X18,X19,X20,X21,X22
0.24615384615384617,-0.8271705114065827,-0.41527055321501216,-1.1272281561214494,0.7304185186002483,1.0019365749422495,0.5453022589293884,1.1501917098806216,0.5437699355797652,0.9880532005044261,1.0192441954909743,0.8693281070629921,1.2817366109799513,0.6817089186591337,0.8690636175467218,0.49689053954314283,-0.19272927953635963,-0.8057644532992511,1.7562934040643872,0.7992657661877618,0.4792432803950621,-0.2099903014512934,0.8666549727969869
0.24615384615384617,-0.7689922984803993,-0.5713053578807851,0.11364199017842477,1.0973046207760762,1.1897449548005867,0.9054772256961585,1.5412980099369606,0.9043506779485756,1.5942777762914697,1.6790788135131236,1.488428298534807,1.919247601942025,1.3616766884938,1.488614855521874,0.37216208606688655,-0.6328792472191691,-0.3865294968197816,1.8328441664450683,1.4760532782016231,1.3078191225047884,0.274370884066086,1.7989744541881756
0.24615384615384617,-0.9071413937926572,-0.9175874786007304,0.05387801430093142,1.238810674296581,1.3554036861793815,1.1527735505681105,1.738793112984911,1.1538224618265913,1.309490546248215,1.2309625304196243,1.2692756383021282,1.6449531368209787,1.0156065177333067,1.2690707727566126,0.017714204011712493,-0.2790420555398678,-0.6603752789299251,1.9370623549836388,1.1385148637461056,1.015069566204603,-0.10336255415599722,1.3990602181808147
0.24615384615384617,-0.9072863561172241,-0.7789254990307702,0.048834152386263735,1.1486746847337979,1.3554036861793815,1.0261416552711362,1.5462161997440238,1.0251371131042184,1.3960902617874247,1.351129493293339,1.3698337961632172,1.7099044869469322,1.1028560687257454,1.3696420311362245,0.04793653234295848,-0.28062370326768105,-0.6115594590020562,1.8276757249812168,1.437245079060897,1.2905181596616397,0.0619852975983169,1.8023144704212004
0.24615384615384617,-0.9232805325944392,-0.7017943877210452,0.029782647182160726,1.5889328457049556,1.6376417236854102,1.4454185302846974,1.9970383587911256,1.4463975697302334,1.6773671000201529,1.5600250384169314,1.672399066978566,2.033434670157964,1.4004274365965719,1.6724061289093894,0.29197486912714354,-0.5054436302925241,-0.7810101953815516,1.9044614165193445,1.7763675952421951,0.09594842167529247,-0.12969229580749708,2.2612615514773724
0.24615384615384617,-0.8136406944470052,-0.9165148260826869,0.11280558148619001,1.0973046207760762,1.1897449548005867,0.8986840220952309,1.6693732693213021,0.8975504130481288,1.117299685625668,1.1359050028687487,0.9800742415962675,1.4886571499390227,0.8362608311566145,0.9803172272592992,-0.04515558192487578,-0.11477664152272063,-0.7982506268578508,1.9331047022543264,1.3222523188095006,0.8704512614131537,-0.5074884301105053,1.6780347966342295
0.24615384615384617,-0.8205264048639332,-0.7914972706163472,0.13968785625142266,-0.7597044282453739,-0.18976550566297148,-0.825958587243845,-0.5790455945663605,-0.8231224895831842,-0.8058446556274917,-0.8883705146420182,-0.891844249089775,-0.8131650562996577,-0.7086433691939679,-0.8918701244546239,-0.6847948883381297,0.6778548197869791,0.9380686315777267,0.8315218829816245,0.04593137680284574,0.37373498308410574,-1.3768087771764947,0.05774964603603831
0.24615384615384617,-1.133041016242747,-1.3071722405609048,-0.14572240754857826,-1.0003149465198689,-0.18976550566297148,-0.9419723421584307,-0.757747712182113,-0.9462137392544601,-0.8521460239453481,-0.9634592622373345,-0.7854729482007371,-0.7965613892375045,-0.8372827812799588,-0.7854974572432232,-1.2039244643884048,1.131109868643096,1.3361763628775347,0.8161611303792685,-0.4432240096625812,-0.5130262870767655,-0.8284584040657506,-0.47488862373614027
0.24615384615384617,-1.41334983118028,-0.8975286725797285,-0.5273701963604219,0.11667511485071666,0.7851277117723314,0.17756870167305489,0.2725789323537879,0.17913204247082212,-0.3332846655384595,-0.3558705923321515,-0.3443299412142064,-0.27544128099797116,-0.2856847296739874,-0.34488006273055466,-0.166581280263395,-0.016714482398316233,1.1257796017418287,1.0027490958137661,0.17035169787506932,1.2140486232696754,-0.15495097940987462,0.27762480104396986
0.24615384615384617,-1.429633932306629,-1.1594592799601446,-0.5445367757942263,0.055607235830291306,0.7851277117723314,0.03701029650317899,0.2725789323537879,0.03477401454946368,0.2125843918265342,0.13953138691875702,0.1598831492533258,0.24687241158374193,0.33720981118144905,0.16026627780121194,-0.2085378066261808,-0.0054169986282242314,0.4666217210681929,1.452295074326943,0.6168711744286748,1.192791099277366,0.13314012477398665,0.7191616313705206
0.24615384615384617,-1.5920642169838428,-1.3462120373100723,-0.7874580312855746,-0.0350341012298748,0.7851277117723314,-0.04754749568630555,0.2622224780548972,-0.045781215533025756,-0.2909628997033884,-0.3028482525564384,-0.3347951630773765,-0.1892078686840346,-0.11445032680424924,-0.3348138832357226,-0.08803778339185751,-0.17352355712720274,1.0833134942996507,1.0491747116201788,0.39866414278560736,1.9721856873450987,0.0665803978627266,0.4792352825649946
0.24615384615384617,-1.5057874734791081,-1.2583989668317008,-0.7099312073544909,0.08158168782113405,0.7851277117723314,0.11166275911451401,0.2931059797549173,0.1132814923108854,0.15742106281344506,0.0987139271107698,0.1395909146168592,0.16016347215237486,0.1628361808818595,0.13957828787188153,-0.10785091634415617,-0.10664245320825362,0.8163658089353247,1.3448963064260013,0.66424287890344,1.6432395913197115,0.6809053344627695,0.7698610804359375
0.24615384615384617,-0.4180385107039292,-0.3706761273334754,0.5380889661671526,-0.9824047783877982,-0.7600414800700191,-1.2558032750777395,-1.0552424888319576,-1.2520444211436188,-1.2444625499985231,-1.270894865588495,-1.1856908513561386,-1.2779763911861435,-1.008248866020466,-1.1857205011336427,-0.7248142354766774,0.862455704590293,-0.3649693366979143,-1.2876475460393666,-0.7913640730738423,-0.8836002022230208,-0.8896288803542257,-0.7549950349329719
0.24615384615384617,-0.36375012015362396,-0.056730651117169996,-1.0660284749192825,-0.4847365893813009,-0.18976550566297148,-0.7274252045101496,-0.5288765113762259,-0.724762593922939,-0.7683351831053177,-0.7249848176164118,-1.0076215142030756,-0.8224583627573105,-0.20533907272753657,-1.0076488767083958,-0.1916990355974979,0.6785326688131847,-0.6577680485001949,-0.9445244758500405,0.022179023479696504,0.341447046191105,0.35944685354365574,-0.07393132618092464
0.24615384615384617,-0.033429303240509335,-0.3119733503149046,-1.094136208080669,-0.9764754507561563,-0.7600414800700191,-1.216235821289386,-1.1006487990595926,-1.212574402121493,-0.5759686650678607,-0.6810272213995926,-0.3587325458210027,-0.7494680084773581,-0.8513858666825569,-0.3592873469409677,-0.6817878390185501,0.6859890081014461,-0.22844089747907476,-1.1578762937599358,-0.385890901168145,-0.27404999366744864,-0.6693017903027122,-0.4044819692559322
0.24615384615384617,-0.2914139201947397,0.47787459543284194,-0.8199376235409553,-0.5810599231426652,-0.18976550566297148,-0.8057529156692671,-0.5705814392334211,-0.806297082976476,-0.9268999627515281,-1.0689850232398723,-0.907278646350189,-0.906457425536367,-0.6982268867481738,-0.9073047199674054,-0.3889036001695464,0.7431542759781149,0.6483293267003696,-1.081650817904953,0.31579461735676384,-0.19573406207254296,-0.46050294213115306,0.31111373456978036
0.24615384615384617,-0.2425857772031218,1.7847299853550758,-0.8341002430426777,0.09442496365210563,0.2148517373652838,-0.3398617391856255,0.05253515692296212,-0.3427492008174905,-0.3731233437011786,-0.34691886273788614,-0.5186526696621678,-0.3834635234948903,0.04758993839447989,-0.5180856444432376,0.33837262605763724,0.1010052984860485,0.6623371772748627,-1.3265735002811008,0.2241377760431642,0.15890570226390996,-0.30649263167731644,0.1288553736812982
0.24615384615384617,0.35151814964689954,0.6586009672159867,-1.1032893625858848,0.5773813629125458,0.2148517373652838,0.1283994204239709,0.5353156756727478,0.13000378311318753,0.497567165951466,0.6725591775382144,0.1598831492533258,0.40829401891647965,0.935169267078893,0.15947519701977184,0.750835751165186,-0.341178216275377,1.2753634346623075,-2.036330627878184,2.5255064540574996,2.4916222183337218,1.6343742714759897,2.4882162093313833
0.24615384615384617,-0.028573065367518267,-0.10816980746606628,-1.3914293541823997,0.6346004122996474,0.5286972535728431,0.5195356774533466,0.7238558869488972,0.5194160339307828,1.4042320994705741,1.4320818482802458,1.0820071366155724,1.5111703088342379,1.8518780296027202,1.082006615056384,0.8233555048074858,-1.0407184113195136,1.6045767854923738,0.024720941884953152,1.5917312289505055,1.574946947969347,1.8996492268768164,1.8961234313314732
0.24615384615384617,0.052581676002519416,0.09686489027257861,0.7888355457964298,0.6945356808171098,0.5286972535728431,0.5537983484824004,0.5876552530647624,0.5536896801684447,0.8255760282809974,0.6725591775382144,0.46350685768410765,0.8015548534535382,1.3380928798062952,0.4638295470217539,0.8808147660086547,-1.0694140200955495,1.452914864849305,-0.5786313488619277,1.036436155722422,1.3628033328988844,1.240467856712143,1.2822928068182882
0.24615384615384617,-0.009196434650408487,-0.27118465379940154,-1.5171981099676826,0.8504837755326404,0.5286972535728431,0.7748027064994915,0.7938242945383666,0.7759921773528353,0.7405778282085603,0.571094517329596,0.40899542186481963,0.8081271688420306,1.230493951532422,0.4086443055558375,1.0088722880870318,-0.9828752944166391,1.5546160931617816,-0.25321832284943485,1.4574788370047216,0.4322681089332069,0.9349132816541589,1.76254497480937
0.24615384615384617,-0.00842330225271877,-0.15514027742139203,-1.005567609067991,-0.1233909438953961,-0.18976550566297148,-0.190330086753254,-0.10087558307420416,-0.19067711841027676,0.8881890521030376,0.7776437463309178,0.7382652820552003,0.9534786346938415,1.4239777741148376,0.7379782963484702,0.33344196594393016,-0.5406917796552136,1.2553329780029028,-0.3460334115149634,0.4562770144684413,0.13322402353208387,0.459013454724853,0.5904766870037794
0.24615384615384617,0.3310301411081111,0.1519830460192366,-0.9699926997156888,-0.26692068183379913,-0.18976550566297148,-0.2740322758840884,-0.2343272380663808,-0.27201925206208827,0.9786018697270231,0.8097725750148205,0.9050007656191258,0.918949079497833,1.3116981982433928,0.9052537743282535,-0.002765696877759547,0.131508504665299,1.1595389064574175,-0.6915057732787668,1.2414521237184462,0.43010998467002803,1.3974719050301145,0.87820632461950765
0.24615384615384617,0.4756783806384516,0.14503694394607405,-0.7137944478693847,-0.13795384039630423,-0.18976550566297148,-0.2668847770334082,-0.15964664257811473,-0.26725633111295877,0.9118649084668737,0.7496171985515322,0.8732418169776088,0.8704093784718306,1.1028560687257454,0.8734992129745432,0.32898151821130966,-0.3307845312068919,0.37259787239750564,-0.5639211693109661,0.399575895602877,-0.1946070416239943,0.4328169422453173,0.5215791428481271
0.24615384615384617,0.22776864524162097,0.2586640299553055,-1.0573764824154936,0.6346004122996474,0.5286972535728431,0.5873319709057264,0.5485511697948025,0.5872340442674929,-0.7498707153685923,-0.6171346463298105,-0.9842937429013238,-0.792893141130004,-0.5275957260071014,-0.9843208057651488,0.2976479840103315,0.4394779122380244,-0.9678360541082549,0.2598669570165445,0.11644545912441699,-0.06738561630961229,0.8107384687101731,0.10441000570337866
0.24615384615384617,-1.2038792721811062,0.32864384130048097,-1.0116655136338162,0.35811059449471305,0.7851277117723314,0.2966679699695807,0.4813273392076699,0.29647693622820204,0.720230593852636,0.827865115748267,0.47440112579505617,0.7045120756192407,1.106593965440201,0.4747218520890248,0.740758987262024,0.040676735153753904,0.23292343926530207,0.35869984640746705,0.1032406366320414,0.12400403709661514,1.2135425022918613,0.1438355129324062
0.24615384615384617,0.40619310639604966,0.3594130446224153,-1.1073052038639752,-0.2164749475497526,-0.18976550566297148,-0.07256422404806498,-0.3269978049881331,-0.07287353229148939,-0.44550098147219025,-0.4013441425394044,-0.6659901902883586,-0.42892357710389695,-0.13319956371613945,-0.6666544250846754,-0.14546851344985437,0.9087753880476732,-0.768830292340818,0.05090650720355776,-0.4578881870164017,-0.0027857633651310596,0.5430418771836457,-0.6563369474651182
0.24615384615384617,-0.17839162780741163,0.36454548218207583,-0.8712417744572675,-0.06632825876343088,-0.18976550566297148,-0.07256422404806498,-0.050274477275797945,-0.07497696907455485,-0.48887778846053964,-0.2941684754211951,-0.6775696867889998,-0.4664718364059599,-0.17709430107865007,-0.6769474348176013,0.030887508356655227,0.7305010941556109,-1.3446241446985323,0.1545644800589833,-0.5386984719273671,-0.36458330650779336,-0.17663859873627194,-0.4832775017167609
0.24615384615384617,0.027285750365595038,0.6010075984755457,-0.9330913690502054,-0.8842548834759368,-0.7600414800700191,-0.7858030189636457,-0.8152052031161298,-0.7896493502976771,-0.6872245198749873,-0.6487832804189876,-0.9139362762348259,-0.6794216282463408,-0.3441862698820623,-0.9139624353682343,-0.5850231432634736,0.9227842679225876,-0.26993530649541303,-0.7561293630505601,-1.3176646729076509,0.6387886113401645,-0.3659468027504891,-1.0878648254920398
0.24615384615384617,0.20148214372015616,0.22418601333043517,-1.0245885818179754,-0.04540308509187595,-0.18976550566297148,0.10604414070256027,-0.193189552060264,0.10766774524558308,-0.6126257419082456,-0.5758253625844802,-0.8613872255108931,-0.6038551752483052,-0.2033765735382161,-0.8606941044473869,-0.08490715646618838,0.856806962705247,-0.6806751173311478,0.10297042278871905,-0.872615558291756,-0.1995587378500653,-1.107278325282931,-0.7912802611189893
-0.7538461538461538,1.0352087930792664,0.34058751354812933,1.6698477810353223,-1.0063261993928583,-1.734934697505322,-0.7179023912756627,-0.8949399503587149,-0.7184184178161797,-1.4897485005064228,-1.5173835946607586,-1.447102212946843,-1.3700034234957605,-1.6287042350206247,-1.4471352205115169,-1.2173089226542952,1.1046737566210791,-0.7341281515288698,0.4204862148162357,-1.526225836717306,-0.587001990986834,-1.6665639398415544,-1.3424717107636517
-0.7538461538461538,1.0872019468239291,0.3752425889122451,1.6704052984652096,-1.3224084653608057,-1.734934697505322,-1.0554040742798518,-1.2320990286105926,-1.0560282112293289,-1.6306552086136763,-1.6649371925992844,-1.6363937903777053,-1.4725914170168182,-1.7189687575618002,-1.6352987029883164,-1.864527332692426,2.045754154669797,-0.6359000235305363,0.4329193886873193,-1.832852711995758,-0.637741890330012,-0.7281107142097046,-1.5318650564954395
-0.7538461538461538,1.0667864194474237,0.4491621601818189,1.686050532647926,-1.5455278306048357,-1.734934697505322,-1.3240399413161046,-1.2697706103582012,-1.3247501291948323,-1.2387760527971408,-1.2862694289303578,-1.2279127277764752,-1.0342741337736423,-1.3280601765898883,-1.2288337357857808,-2.1743029813412678,2.0084724582284905,-0.31353666556382104,0.37234380901308795,-1.2690555896094482,-0.6154172937853528,-2.2715602220674027,-1.2231743203276046
-0.7538461538461538,1.160601203829637,0.4026460847791474,1.7466593873473744,-1.8302849132518006,-1.8831214823340865,-1.6310303930836643,-1.6681801624098187,-1.637499698199727,-1.7417650875679813,-1.7437672797446644,-1.7594612137047352,-1.5701182658210249,-1.8214476933683983,-1.7594982334708642,-2.633620455051982,2.4398103885706277,-1.2507061245692737,0.43432896363200646,-1.8449118813002354,-0.575144297118591,-2.1870929270421406,-1.6690165536389183
-0.7538461538461538,1.1827804394883732,0.40162921989808203,1.7327562766138755,-1.849729316393515,-1.8831214823340865,-1.614174395023662,-1.6842740644270484,-1.6093968928338154,-1.7342643789701735,-1.7437672797446644,-1.7631109463928691,-1.55869115333292,-1.8043541255720856,-1.7643663394738052,-2.727117864014484,2.5218301207415,-1.5245807690088977,0.43010023879794496,-2.0918831549923724,-0.7552397668808503,-2.5040268407878843,-1.797756980002886
-0.7538461538461538,1.141224573112528,0.38907006245034403,1.7258942706713838,-1.6644208032380146,-1.734934697505322,-1.4397631587065345,-1.5445959839412893,-1.445523220022167,-1.3394895552672565,-1.349184832268812,-1.3786375763325656,-1.176813968028524,-1.3169639979426786,-1.3786697044799232,-2.0589827717692195,2.2247062975880643,-1.4843274401602171,0.4452441337165028,-1.92008195688183,-0.6753412108262803,0.17042339423030353,-1.6527159428538236
0.24615384615384617,0.5713293544651794,0.14769739543532426,1.2720292689285784,-0.3934662971744652,-0.7600414800700191,-0.18355149223741965,-0.2764766072515493,-0.18164256282550142,-0.3052404802448084,-0.3739155202358581,-0.21989082858848608,-0.18274852753457074,-0.39701639663345345,-0.2194142327928874,-0.7169809213163998,0.3005188618658852,-1.3313955770200103,1.0975701180544253,-0.4267592580831055,-0.10159188588099395,0.24884051744637015,-0.45189688408555073
0.24615384615384617,0.5301117335133231,0.04105373398628494,1.1922010691786373,-0.5810599231426652,-0.7600414800700191,-0.385327030328506,-0.4483928071753743,-0.38317515002408215,-0.5535539479269037,-0.5758253625844802,-0.5742494629595815,-0.44234763147259537,-0.5346812238408529,-0.5742712588701488,-1.2146163075444931,0.6925415486880998,-1.5114291675423235,1.1841686197844121,-0.2953723749916002,-0.36135810969226534,0.4041308728857448,-0.3698833957855949
0.24615384615384617,0.6274297740725706,0.2642613417386648,1.4009672098339587,-1.036697929722853,-0.7600414800700191,-0.8464266774670454,-0.9154669977598443,-0.8469838736189766,-0.9986892210289228,-1.0022741805780693,-1.0123255037315653,-0.9123353155225681,-0.9325167852817987,-1.0131381946766223,-1.5679577668516553,1.0963136186312108,-0.9106212963015856,0.8694177632253187,-0.7041421662386138,-0.17044803945563303,-0.29370001883205493,-0.7170786380285005
0.24615384615384617,0.809478293341172,0.2789549970289397,1.3592936592320572,-0.8508943224028828,-0.7600414800700191,-0.6990276651372604,-0.757747712182113,-0.6995376456209277,-0.7455536350412585,-0.7587089017212233,-0.7854729482007371,-0.6949375959420959,-0.6891626421316253,-0.784810051775238,-1.442434971811512,0.9996071575592176,-0.9788422224167849,0.7269241934964069,-0.2955860957224087,0.4841590078834137,0.0018754300121454639,-0.5088879916364333
0.24615384615384617,0.7715464850794994,0.2155231541987225,1.436826792564442,-0.9529581202132222,-0.7600414800700191,-0.7274252045101496,-0.8249715427692441,-0.724762593922939,-0.9364672529158349,-0.9507138331021938,-0.9028545840757345,-0.805766046885943,-0.8698900505540964,-0.9036171596023191,-1.5679577668516553,1.1152933913649663,-1.6553078800021745,0.8588278796665187,-0.8833015948321952,-0.3047193373630654,-0.020253674217427364,-0.8433001817183929
0.24615384615384617,0.720616388381661,0.19891540908163513,1.2536308052421055,-1.2037880038425544,-1.734934697505322,-1.0554040742798518,-1.123811151164602,-1.0521113753387028,-0.9752553351862683,-0.9892379784252097,-0.975051022476464,-0.8812139484194211,-0.8684597411208461,-0.9750779666190221,-1.4704568491758314,1.0319179611416827,-1.8480793786018421,0.7428090188346069,-1.2472010396856272,-1.9554805758476612,-0.05301498883707935,-1.0077932070950055
-0.7538461538461538,2.005248348306121,0.8328864694983981,2.1437749728564364,-0.9529581202132222,-1.734934697505322,-0.6896743985432814,-0.757747712182113,-0.6901813829367733,-0.6520933269048875,-0.6171346463298105,-0.40598383675977007,-0.6589469530462211,-1.0191156017601968,-0.4065542592438786,-0.5036837664902762,0.19206301767299572,-1.861365670939325,-1.1552559300807115,-1.4915994093008598,-1.5330157617511986,0.09146290497955796,-1.2374664828131063
-0.7538461538461538,2.1061904469795407,0.849652235053722,2.238093176565521,-1.0551786978413584,-1.734934697505322,-0.8057529156692671,-0.8446727708473774,-0.8096478294770286,-0.6439262661294962,-0.7249848176164118,-0.45457806679694795,-0.6353609381811696,-0.8443202321317858,-0.4551649936815166,-0.5877277078660089,0.2844764349123533,-0.39285034697599186,-1.5149686130805813,-1.0173751217886753,-0.8182210266279475,-0.3268740826511249,-0.9892733164208577
-0.7538461538461538,2.1553568353951484,0.8725894760951739,2.23747896620081,-1.5620232714202524,-1.8831214823340865,-1.380839630675797,-1.2445644506218738,-1.3815680129457089,-1.029997504385471,-1.0689850232398723,-0.8962398790559843,-0.887006888197149,-1.1821388440499159,-0.8969995251513908,-0.9502906546825339,0.7867625633306721,-0.5795511356082798,-1.4965718529050547,-1.2598261561613882,-1.6174223995999641,-0.13351675674388028,-1.2769918576371413
-0.7538461538461538,2.14117468797502,0.9175318376019941,2.1790128201947914,-1.44195801448786,-1.8831214823340865,-1.2692162989769171,-1.2197236104311777,-1.2744068618320847,-0.9376667623212877,-0.9634592622373345,-0.7487433926869389,-0.9241511082547146,-1.2148915630594992,-0.7480946299832464,-0.9070328474014985,0.7108434723956498,-0.6470023996040016,-1.430737474398722,-1.2029113165650154,-1.491831557062206,-0.041865535779374345,-1.1523127134701405
-0.7538461538461538,2.2053929977581572,0.9928038091171878,2.229957408120195,-1.366282788551424,-1.734934697505322,-1.1399618664693378,-1.1121908492196126,-1.144756391784783,-0.8058446556274917,-0.8761693789935431,-0.6336011606505736,-0.7405561632041334,-0.9943749812420488,-0.6329947245898894,-0.9070328474014985,0.6136851119728531,-0.29869180743439644,-1.5622074452012376,-1.3499071510564058,-1.1853899012700764,0.026896390974350943,-1.211900378491215
-0.7538461538461538,2.3731868884443474,0.9864508011091251,1.5227091879060979,-1.7826036846744084,-2.236588593571216,-1.648068621680417,-1.5746667196551363,-1.6488826042212545,-1.4036839700786212,-1.4144975821346502,-1.2988277981895076,-1.2467663008364294,-1.5055150739169796,-1.2997874491813963,-0.9956975677928913,1.111452246883135,1.075905496399678,-1.4980356422706909,-1.4998180262452667,-0.30738102395431904,-0.9227141247253199,-1.3332727956235266
-0.7538461538461538,-0.7741143006150966,-0.9706865764679352,0.16406907722225653,0.029239216590329496,0.2148517373652838,-0.6896743985432814,-0.5705814392334211,-0.6901813829367733,-0.8002790915806721,-0.8520245809486038,-0.7326690170552936,-1.1406269334485148,-0.6046826233675646,-0.7320263418563916,-0.3889036001695464,0.2883175793941847,0.7798742036955919,0.2811912959233434,-0.6925297007792173,0.478164218263473,-0.7886751283825781,-0.806537810356229
-0.7538461538461538,-0.7553658399711106,-0.9400192055396116,0.13595501353345585,-0.32293375536797914,-0.18976550566297148,-1.177637464457603,-1.0329825919125846,-1.174068469758037,-0.7262544047991535,-0.7249848176164118,-0.5888953693334485,-1.0833850159035445,-0.6457868174641279,-0.5895303381673754,-0.9343226998817715,0.6970605421961368,0.3862978581242074,0.6501023590109785,-0.7316947126421959,0.4610790678466418,-0.8552975513747608,-0.8619643255853293
-0.7538461538461538,-0.7195843061905137,-0.8355570766578742,0.20819218131425188,-0.3107782509318085,-0.18976550566297148,-0.9751529528666909,-0.9051727447627609,-0.979482806695698,-0.2569894603212381,-0.3028482525564384,-0.09560965301875227,-0.6589469530462211,-0.3188762852312009,-0.09516607673648003,-0.9012895269250619,0.7341162889620411,0.5252795953488826,1.045144772996267,-0.8861377514830996,0.335560162784323,-1.4149149326949426,-1.1428252919444386
-0.7538461538461538,-0.6737037304650891,-0.8527223817139599,0.0861793390737669,-0.2434562008277883,0.2148517373652838,-1.0910890884951254,-0.8847678850623937,-1.0917246562660614,-0.38542600686584155,-0.4105854173284889,-0.2362678717329984,-0.7728550970061536,-0.39482881223751864,-0.2362853263240309,-0.9108818727462884,0.7103915730448463,0.08628356395182425,0.7637357853211102,-0.9216172273100705,0.7846418427933219,0.13068975294452834,-1.1158388484935535
-0.7538461538461538,-0.6336699684971959,-0.7753069605715482,0.3220605599238038,-0.2907058718142825,-0.18976550566297148,-1.0205091994654663,-0.9154669977598443,-1.0211221586953132,-0.16655683450953007,-0.19330101163800364,0.013797179866889837,-0.5793796904064326,-0.3272726679519835,0.013782937321489002,-0.8974805957109047,0.6340205827590198,-0.37299306429346873,0.869327405857069,-1.273172236132495,-0.07285286444299836,-1.0698278662774832,-0.9680902898798464
-0.7538461538461538,-0.60141585128106,-0.7392817088391279,0.23613645688099727,-0.08750810611225612,0.2148517373652838,-0.7274252045101496,-0.7483559737700743,-0.7279442814509609,-0.016176317579549675,-0.05232416079065804,0.10563435527790947,-0.35617781823754435,-0.06389424335372242,0.10562129236635354,-0.8917967918943169,0.8005454935301851,-0.7518881049358164,1.2219018567652573,-1.0570593007488112,0.5198160165428208,-0.4130289471879325,-0.6553604643139348
0.24615384615384617,-1.0974044447867164,-0.8440034767279819,-0.18709917438141838,0.6786012440037463,1.0019365749422495,0.45321365634115685,0.9257345933369886,0.45156629349907396,0.1357947715090805,0.13953138691875702,0.20900811675541162,0.12595850543752848,0.04162518693909729,0.20938067677191802,-0.19610030634728226,-0.19385902791336945,0.36052379789820016,1.8240072158303,0.9491986555291513,-0.2512098452154746,-1.0316825257084572,1.2222501894199578
0.24615384615384617,-1.0719635568252253,-1.0194312957743514,-0.14224559322743183,0.9195344941306927,1.1897449548005867,0.6602713993698685,1.1031442554993605,0.6588759106357636,0.43283103913952414,0.45766953683115574,0.5297676495465473,0.49683548784131365,0.34441393139650905,0.5300786039275329,-0.07712717615475015,-0.2528318931932529,0.5777320687912837,1.6940913917616705,1.2390791815270197,-0.057350338485831466,-0.9593025126180583,1.534436291413051
0.24615384615384617,-1.058506221027931,-0.918513239626896,-0.17279201373793623,0.7304185186002483,1.0019365749422495,0.46670321768518575,1.0217430152020857,0.4665666505764,0.6953120770376535,0.6021694284564736,0.747546770557339,0.748061374928982,0.5783832124453385,0.7478224287685064,-0.2572178506342257,-0.10483485580503898,0.4160549198185117,1.8661498923817041,1.1428498172817378,0.14132897909824382,-1.1987649690350097,1.4257692516455682
0.24615384615384617,-0.8928384444353895,-0.9428413501025754,0.022973876590190928,0.6578973596375284,0.7851277117723314,0.20951616306716117,0.8647065853655482,0.21105378708159203,-0.16968130892063635,-0.10577956655111366,-0.16880169401492087,-0.04401875655570975,-0.0629883195395774,-0.16833897687288585,-0.5796379013632127,0.2103649413805457,0.30780194271398265,1.8009480154531177,0.9870932673398973,0.7615019548603509,-0.9410553407323825,1.197438640260345
0.24615384615384617,-0.9023817974693772,-0.9011021602170933,-0.03824654297220077,0.7392748022248101,1.0019365749422495,0.38397759832348277,0.9502455642697397,0.3853871263660391,0.0863295382879981,0.20547229814078152,0.10318288659247496,0.14314518699659182,0.10038421481230139,0.10357861970844795,-0.44855495467424744,0.1620117108445495,0.3993917349318213,1.722806963391252,1.1077170643571095,0.4330953899007585,-1.4493612044894346,1.3276326949516424
0.24615384615384617,-0.9514757047227017,1.0882038983390658,-0.13533254809888406,0.9055404016800764,1.1897449548005867,0.5580292793329826,1.0416347816575722,0.5593302072409673,0.4417470251385647,0.682382999963865,0.5449922275014089,0.4810691329894521,0.3905370601083705,0.5446690040114123,-0.10624996642734678,-0.0510588330593981,0.47564600941906815,1.7944422849391783,0.986266819363679,-0.05754217175366976,-1.4371380810459016,1.2188657875891518
-0.7538461538461538,1.326776348558163,0.7210036637032438,-0.004717266759175599,-1.048996609718876,-1.734934697505322,-0.9094759167421512,-1.0664817944938452,-0.9064824681586499,-0.5438951598002216,-0.5555381160852575,-0.5080977033366952,-0.3014783617208474,-0.6686175879663806,-0.5081186495384802,-0.3546860974766911,0.8287892029554167,-1.5080330334401286,-0.7088543879826051,-1.2439016685752442,-1.9125339030104058,0.20628294018229718,-1.1655174288100063
-0.7538461538461538,1.6703612181691492,0.7382882146278271,-0.31139043603792665,-1.1637803573580565,-1.734934697505322,-0.8361594047027373,-1.0777952875287287,-0.8401294035383503,-0.5010632824979573,-0.6067136274787327,-0.442721363710435,-0.249788749558594,-0.7230671971957858,-0.44274147016358345,-1.3259911412518528,0.9607438133900995,-0.4863931568220051,-0.5753061977103596,-1.4762362826042226,-1.6801998364999833,-0.15743531161650037,-1.1983738675674367
-0.7538461538461538,1.6430841407631434,0.6486520662503218,1.871046545761778,-1.1506462876461552,-1.734934697505322,-0.8567612770910641,-1.1591523614155974,-0.8538682759782842,-0.767243757354975,-0.82821513817873,-0.7088372847250717,-0.5220084804069351,-0.9177527946123291,-0.7082035266348985,-1.2146163075444931,0.897026004926777,-1.2859951327473234,-0.4282947595689906,-1.175853171336995,-1.566178937928711,-0.26943402317764503,-1.146564778557493
-0.7538461538461538,1.8024460562370246,0.6874113654741639,2.122661581916331,-0.96467705996190245,-1.734934697505322,-0.6346913528667139,-1.0329825919125846,-0.6321806750988902,-0.766152995690924,-0.82821513817873,-0.6795072497330953,-0.5745257100700002,-0.9489011600886764,-0.6788842910699059,-1.1855094670500779,0.9214285698701764,-2.327896364660695,-0.6289423315030552,-1.432041954144572,-2.4916905281928785,0.30407054006726814,-1.2540888891821136
-0.7538461538461538,1.816193316683453,0.8869410747981884,2.089517725152251,-1.6039591795716996,-1.8831214823340865,-1.3101542057171252,-1.5746667196551363,-1.3108599456400944,-0.9826224691419839,-1.0286478134201367,-0.9139362762348259,-0.7764812253238164,-1.2114151351577735,-0.9132214078036213,-1.3290332145046513,1.023331873476412,-2.132787017373114,-0.8035127669604152,-1.661946756088089,-2.0342281322952025,-0.9895376976438016,-1.475495347313492
-0.7538461538461538,1.8057560293146357,0.7446744520905225,0.09744711178300867,-1.3442073638727507,-1.734934697505322,-1.032055190997954,-1.20743690568941,-1.032671848703777,-0.6592701550074107,-0.7249848176164118,-0.5669732855322994,-0.44234763147259537,-0.8684597411208461,-0.5663900273954979,-1.0214497543616565,0.6012578798257513,-1.8578348459662213,-0.6557784698730543,-1.4949813334832291,-2.6405411544560065,-0.6876456186464791,-1.276148531279301
0.24615384615384617,-0.3355307876379335,-0.37226383000780816,-1.4616935985113724,0.8021694021719298,0.7851277117723314,0.7821501361023269,0.7553060899176683,0.780892027870631,0.4266754738170753,0.49084964985371665,0.5685125311603023,0.33041765864130596,0.3256216802651156,0.568505413844954,0.48523995820906024,-0.5255531514032895,-0.3694045146614041,0.05076193541435897,0.2522214138765236,0.004072275960080992,-0.05708762176045328,0.2175377980478583
0.24615384615384617,-0.41699961404453295,-0.2567610403184089,-1.5071765259535375,1.0144634717441352,1.0019365749422495,1.0417614143967222,0.8426377658250865,1.0407722062283837,0.37723122168751316,0.4632443460429951,0.3789873449968947,0.2807742365925472,0.44841029791462633,0.37897779326081377,0.6655545327292839,-0.43088023740991305,-0.0038727325684871955,0.19820708892332428,0.3300496983760747,-0.24998690813300647,-0.23581063744528408,0.21854757039737754
0.24615384615384617,-0.258410830968342,-0.33044445642665404,-1.5159774636487873,1.3213487417353338,1.1897449548005867,1.4260509035044402,0.8573818392960864,1.4262216399614494,1.3604862948931573,1.2166770117329904,1.4982209387504302,0.836323283756907,0.9155141560287726,1.4980449246114615,1.2209917569887643,-0.34976430394064745,0.14143947558889144,0.24116298178897008,-0.17001645243686556,-0.8955777918836624,-0.6879068523169977,-0.23270970584322573
0.24615384615384617,-0.1483119454597793,-0.32010911598666575,-1.4474366677120338,0.6808865443667956,0.5286972535728431,0.9122412738271235,0.3825517329845945,0.9111217361810805,1.3750770777235402,1.283497356299772,1.6059626156081837,0.887204817961168,1.0375840743178468,1.605799029120528,0.5836040485878591,-0.037953751886090674,-0.10706518123745162,0.1665097241415215,-0.5290223346342254,-1.265552228067924,-0.6393722486714746,-0.7167568424445877
0.24615384615384617,-0.27783578246030627,-0.3271648590361326,-1.5310672231867477,0.8317375693817867,0.7851277117723314,0.9189764156813205,0.6714855529650431,0.9189847232290469,0.5807416092381029,0.7543202257040015,0.6036550154885154,0.42018134767073684,0.6685959174279481,0.6039534474553797,0.6446907400251066,-0.3664845799203849,-0.0884201163931059,0.22206143414109997,-0.03345349173182356,-0.8114589039366542,-0.2714193990735814,-0.28543979600712643
0.24615384615384617,-0.4317616107629289,-0.0961801593720586,-1.5186454508376328,1.10268963583017,1.0019365749422495,1.1235329939002734,0.8972860071059301,1.1226224204708444,1.2199351482447314,1.2345153862444338,1.2643068033774425,0.8675942808810326,1.0859368348493652,1.2643086234283463,0.8797274721916805,-0.7492433300511235,0.4306592585356001,0.27347477667486675,0.43699169959610284,-0.019882903361202114,0.6803828671217337,0.4042347187144467
0.24615384615384617,-0.825044397312935,-0.7423794185460175,0.044611017121500805,-0.4190587580588241,-0.18976550566297148,-0.5902934649446726,-0.43273984019596384,-0.5907686150869143,-0.6997899923929739,-0.7473936637946725,-0.5098523459895943,-0.8355530977288504,-0.7164962898264249,-0.5104586034836438,-0.9747780697952362,0.8712677419309656,-0.02483640454775923,0.810685473863371,-0.0985346646603454,1.2295991075438022,-0.4618665818912569,-0.2038590672855361
0.24615384615384617,-1.0199220823057074,3.223897449346976,-0.06946089628081772,0.05887532313134633,0.5286972535728431,0.03701029650317899,0.2570206896260651,0.038695722131541946,-0.05242233073768024,-0.06742780318026191,0.07722801064675011,-0.14701353061982927,-0.055757626675702734,0.07762966262403753,-0.6610109862843276,0.5178824496024677,0.10189808420072723,1.290898743160309,0.27083621435306354,0.9606728451932616,-1.1836970109195364,0.20982580043339893
0.24615384615384617,-1.0494219153550717,-0.9816454782892988,-0.06135628561989193,-0.07335960560720362,0.2148517373652838,-0.010751564511036777,-0.001124501036250436,-0.011041072580896299,-0.0568215151283363,-0.145009020389264,0.14917020642267295,-0.21135106484608182,-0.1722698884764092,0.14875963006792361,-0.9012895269250619,0.8025790406088018,-0.59172141787252,1.76755193214823,0.3403358111455587,-0.295535319665316,-0.4075534894538773,0.4212233062651479
0.24615384615384617,-1.0514997086738642,-1.102457210720736,-0.12605509299780512,0.002465519633892079,0.5286972535728431,0.08906709184981508,0.03483460747722329,0.08880955824498624,-0.23172299572231894,-0.22626841847524326,-0.0373658740597564,-0.35617781823754435,-0.28774100798284624,-0.03782473616163751,-0.9147471730880761,0.7481251688369553,-0.33693439399594166,1.6104927546575556,0.18969296538508784,1.061840914819381,-1.3577204328717503,0.244923711878773
0.24615384615384617,-0.9990958283429289,-0.5680417103884231,-0.07065625100950812,-0.052350223964001866,0.2148517373652838,0.04872797721229859,0.03483460747722329,0.04845752195877831,0.8273700406794734,0.682382999963865,1.0413933728237035,0.6936466212114581,0.515572334406266,1.0411561037004502,-0.31968088171105546,0.3353151118777705,-0.0865633065298661,1.2989405489344839,-0.08399248240179334,1.374708985084087,-0.9767607588187711,-0.14018792726860368
0.24615384615384617,-1.0548580025263308,-1.0405539595481246,-0.07510830644137267,-0.1899056379300199,0.2148517373652838,-0.23162557053307237,-0.019390975575777798,-0.23431280571778224,-0.24471927730740692,-0.3028482525564384,-0.0373658740597564,-0.3849115559533394,-0.370942721261202,-0.037380773786409936,-1.0214497543616565,0.88889181661231,-0.6643294180687419,1.7753588087649566,0.2690934272777987,0.2884890746885487,-1.5776556724174877,0.29064087759326607
0.24615384615384617,-1.4216851648428768,-1.6061535740723873,-0.5760707495278244,0.2879860398787012,0.7851277117723314,0.3697577653581924,0.2725789323537879,0.3711769843746436,0.4289163075333053,0.1924854760147679,0.5430965520132268,0.4018592913488434,0.345132728142766,0.5427729538316446,-0.17344166644943446,-0.0024796528479997648,1.4086592929793416,1.1116297245539923,0.5220883234558638,0.2755643082679562,-0.9510814890068601,0.5932507868650955
0.24615384615384617,-1.2915814785440822,-1.2625438590725613,-0.7357930174497561,1.2188075118062314,1.503590471008146,1.3639459100632134,1.2169394988116669,1.3632516571952422,0.38298432912704405,0.7354302018119621,0.5144062964600913,0.3043126860434999,0.10203462334171286,0.5147199281072254,0.5006040537989289,-0.6068950345479565,0.9221654880340199,1.3014705552454586,0.706756793719993,0.46985543985023515,0.04335411221697947,0.7922425181170375
0.24615384615384617,-1.404265525507421,-1.4355167400988667,-0.7720013536760574,0.5182168214659066,1.0019365749422495,0.624223608939845,0.6550442952739538,0.6254878428744013,0.8385421243245623,0.7496171985515322,0.9339183067962605,0.856996842067817,0.6243728567550779,0.9341673975234455,0.3204963811943698,-0.639657737481225,0.4451481479347667,0.9463480265526453,1.140037509296073,-0.8562160032391315,0.6900041032069087,1.3473953823636597
0.24615384615384617,-1.4163698796087572,-1.4597101089471038,-0.6669139321463733,0.5381626670477352,1.0019365749422495,0.7748027064994915,0.4629465949943288,0.7735365294497395,0.4029760404998617,0.39511939538444096,0.5326326026577859,0.35991404529817766,0.14360670889403915,0.5329430605689773,0.3214987301641503,-0.503184133538506,0.7460764158740302,1.0959978998468891,0.5066600715579929,-0.19246090694005538,-0.3898914809901611,0.6001083617222694
0.24615384615384617,-1.286991004932797,-1.4013367219443575,-0.4043586445548213,0.282252077602673,0.7851277117723314,0.46221951396308636,0.35325207982332857,0.46208151060948327,-0.06786693971785081,-0.145009020389264,0.07473544589748886,-0.0898566692503613,-0.25108976656712156,0.07513767129846496,-0.034002834779712984,-0.3050262682110805,0.5394798614532453,1.261333812269187,0.6073234530252903,-0.9539190844649255,0.12142118231455304,0.6448601406850244
0.24615384615384617,-1.3390808002271704,-1.601836640008243,-0.658262668465935,-0.30674521094280643,0.2148517373652838,-0.0915908631265182,-0.15964664257811473,-0.08978013544242135,-0.22526001715080343,-0.25988228608071734,-0.046713256811778306,-0.18791407731448603,-0.4639379434937834,-0.046728276604069745,-0.3432135408993406,0.0808957773752839,0.7514640507103737,0.9815874001698143,-0.3127571346955445,-1.7781546988898147,-0.8574344427995979,-0.324865303236154
0.24615384615384617,0.5467340800636616,0.32271964246739143,-1.1134970642118929,0.6462878704419821,0.2148517373652838,0.7375427962834611,0.6755713426750832,0.7374929860090255,1.152791719717561,1.0550835284846911,1.2202023177201229,1.220746339136569,0.975846264010378,1.220203571255955,1.324951335987899,-1.8060099619055894,0.5576054043669436,0.20758618374758503,0.3627608945224407,1.3975371439568214,1.8742860498062321,0.39466962239262804
0.24615384615384617,0.646274876266268,0.2488137540594505,1.0417159372109561,-0.4147671258557728,-0.7600414800700191,-0.2740322758840884,-0.2552723619073047,-0.2767966061270606,0.7602313800743211,0.5867023852871207,0.8095213887586697,0.8865082409182207,0.624986201655844,0.809517367163589,0.7068920244557467,-1.2901668529631598,0.8181360318101241,0.17435274370554862,0.024305223711520264,1.0717802760092425,1.87155615794932,-0.06800584887715322
0.24615384615384617,0.5796888485152042,0.28067211609160464,0.7516359421574901,-0.8235742012479372,-0.7600414800700191,-0.7466452085106696,-0.6483070572203711,-0.7503977219163598,0.7164194486711104,0.5658601550280673,0.7817042346429648,0.8312960303680056,0.5670129050610018,0.7816998557409841,0.8207482206696438,-1.3471061711644265,0.9637945879212664,-0.10662252860201188,-0.6260451256269297,1.3097734239208894,0.711717845900358,-0.6872848055179632
0.24615384615384617,0.5327935365178113,0.600983338722431,0.40685119749032034,0.015903856498657273,-0.18976550566297148,0.14496021163587738,0.1660858068746366,0.14655055975212186,1.7012031561361425,1.5482431891400832,1.7588556157979405,1.7754401598933705,1.4845304770261696,1.7587085173226666,1.2100663753890222,-1.7994574213189356,1.003817018134104,0.4109083337818251,0.15531511444095542,0.8757026971202216,1.9715929797374503,0.15996967772582205
0.24615384615384617,0.47521933327732296,0.3993333772770401,-1.1399472606827852,-0.2434562008277883,-0.18976550566297148,-0.1567249586564804,-0.18642824951834713,-0.1592801221370355,1.75970903081984,1.74357240029108,1.8125021117148072,1.8146684787008984,1.5288027218160003,1.812360498386143,1.0864824497642365,-1.6148565365156218,0.9701154380774766,0.4669299020962987,-0.0906939573343642,0.8786281544547523,1.6334155439051896,-0.1387010097429382
0.24615384615384617,0.6156636653952239,0.5833264127223295,0.831350616389448,0.5554297000376692,0.2148517373652838,0.6323057845770329,0.6714855529650431,0.6308776793551008,0.9628766220543343,1.0824495971082928,0.9571520074807053,1.0682559403189376,0.9479818621641627,0.9573980024822868,1.5790753288055497,-2.2640099539451453,0.8891085000024553,0.49564547372588,1.197006467017415,1.786694906924893,3.368161244009746,1.3929793912848094
0.24615384615384617,0.29901762776625307,0.3287241728145202,-1.0092248515026514,0.6346004122996474,0.2148517373652838,0.6160997724194774,0.8052129608357661,0.616011060842807,1.7363733221857633,1.7008473894830134,1.749046032433947,1.8260634622445593,1.6398634671128216,1.7488979145757695,1.7517769770059162,-2.2915758143441716,1.4900125790081282,0.2722639879403274,1.0781548092788407,1.9509641320905087,2.444519967496261,1.0586004904011856
0.24615384615384617,-0.054932048051266176,-0.31146671629596284,0.8791720074705303,-0.35991815509625363,-0.18976550566297148,-0.24563473651119927,-0.3790535014361388,-0.2459994836600368,2.0611891190619085,2.038444691474094,2.0767289567948994,2.082065073029584,1.8281629012392446,2.076612283262198,0.23377039820006779,-0.5020543851614961,0.024066002368550696,-0.06757007404472933,-0.6669373312071307,-0.23205049759014387,-0.09652606899854259,-0.8037304212965771
0.24615384615384617,-0.1439147549479169,-0.2836773266670377,0.7779230212607106,-0.20124285051132393,-0.18976550566297148,-0.07256422404806498,-0.17298513769005663,-0.07287353229148939,0.9110094244422576,0.8368402792965585,1.0200015285719273,0.9059075711497677,0.7285874410924912,1.0202393770871339,0.3650258892581096,-0.7017938982167342,-0.42419483679171854,0.2964616911574517,-0.24551398853733888,-1.6625991341758373,-0.09793673081933928,-0.22262307874747966
0.24615384615384617,-0.05082478218853758,-0.34315783042237114,-1.0644746946888652,-0.5208053618808275,-0.18976550566297148,-0.49680930583868427,-0.386620789541504,-0.49450555502084953,1.532132512267098,1.708939862364345,1.5977934791850044,1.615897950852903,1.3737526192072982,1.5979701740376095,-0.05342161757905065,-0.20719005876207822,-0.49142482292809014,-0.36701439242241574,-0.42941746700106215,-0.6353319849027959,-0.7881552733782468,-0.5075786165018918
0.24615384615384617,0.08679278460030829,-0.15330597317400818,-1.401067843623688,-0.6337264342173197,-0.7600414800700191,-0.45608298811608866,-0.6307275393018308,-0.459198595752135,0.6957945603509049,0.45766953683115574,0.7726068055565901,0.7623384969905356,0.5542926870953572,0.7723258695631773,-0.37699631061116734,0.0752470354902379,0.036986705199282446,-0.10714660133785799,-0.5201102718851343,-0.4610514610718794,-0.6216710551571798,-0.5075453273035561
0.24615384615384617,0.07775679970230483,-0.312615220364661,0.9268531604809587,-0.5810599231426652,-0.7600414800700191,-0.4163826321228821,-0.6220049353787622,-0.4194187148424768,0.4676841673779663,0.3181279408140728,0.5525539827337959,0.42291306225736763,0.4265866060984294,0.5525466604334429,-0.21212268247080865,-0.043602493771136674,-0.4930699757084739,-0.22482803774555174,-0.5161211239954882,-0.5513090135897069,-0.09790538277887739,-0.46200570398018737
0.24615384615384617,0.11808048631933174,-0.21884786255133515,0.8299746904169717,-0.7132948518812151,-0.7600414800700191,-0.6079028190397301,-0.7390154167478231,-0.6054340755862353,0.5264300446370237,0.45766953683115574,0.5459392777140442,0.5245159913350016,0.5827852842799819,0.545616241268718,-0.37484791439586734,0.17556869136866038,-1.2719295575138694,-0.4458240890093264,-0.6723885857272883,-0.38226793588661856,0.23880130748836717,-0.6085558514538059
0.24615384615384617,-0.7053055172206736,-0.659996205980081,0.1748925610196651,1.5835030254610085,1.503590471008146,1.6440929868741616,1.3513827580963107,1.6436261297441133,0.7759850790649843,0.6427453422133564,0.8320946422049272,0.648693308254223,0.7498545511235962,0.8323578563222368,1.6895679121885328,-1.4795126809499124,1.2606917505097652,-0.0653111398384998,1.526639966202074,0.46525144142212077,0.7575748044230729,1.4877093533490393
0.24615384615384617,-0.6870644247126718,-0.7257086651714665,-0.38643378205550516,1.7118870943385989,1.6376417236854102,1.810991585666467,1.4372342162924907,1.8112856284554724,1.112717787311357,1.0030718838305213,1.130445578977209,0.9794280460952555,1.1653477514620934,1.130221442361101,1.9055191871590977,-1.458047461786736,0.6972605959461607,-0.4916714176589459,0.4817684858414333,-0.29211828958195,0.15618093451366682,0.5972454906653912
0.24615384615384617,-0.6696447853772156,-0.7022807643841464,-0.27823186548535517,2.3035581442525217,2.0738664454151934,2.344818307453035,2.145230726419392,2.344829867877322,1.7615734789749677,1.7671453781565367,1.7306775689199128,1.691593468212876,1.8567660994703366,1.730685379428781,2.3476582800067716,-2.135444588641491,1.3469997364326893,-0.7797126361635885,1.7648459381619839,0.19603742916982264,0.6604167776840498,1.9078190363467828
0.24615384615384617,-0.6906884828268441,-0.7156996204211358,0.17896041036388424,3.2400512264107735,2.8474921026739346,3.314253408852276,2.882375123683304,3.315274072342781,2.3166547996691174,2.2841996942462406,2.405414068465276,2.0211519433628955,1.9784689585038726,2.40543054585667,2.9248256774757593,-2.9416330304753022,1.6621186496998208,-1.1069328095410642,1.8197015372404781,0.4072938153765338,1.5915319495110518,1.824351919719497
0.24615384615384617,-0.6227977941546786,-0.5381263115778653,-1.1021485929437254,1.9177014460117432,1.7600209292076343,1.9549455933169693,1.9989249720489952,1.9558663137651016,1.6047680537271525,1.5600250384169314,1.5363096782305319,1.5591279338382678,1.6604424709120233,1.5363149921149017,2.0310880959103295,-1.542326690711627,1.3591507771439426,-1.35124106181312,1.3590682371462932,1.0029600911723233,0.6699413573111326,1.6681146155301623
0.24615384615384617,-0.3625179403948056,3.214738812374724,-1.5002893596253133,3.072139169295669,2.612534941120713,3.0852138116357417,2.9977728058088413,3.0861994406873876,2.363120022182011,2.357638535725886,2.465922816624024,2.0970520904297416,1.9285070995982838,2.4660427476197047,2.74746806063059,-2.5751426569734965,0.9411665216086236,-1.385739505010645,2.215091310031235,0.5291079404537292,0.8074495367983522,2.6434104519728634
0.24615384615384617,-0.09593222551627179,-0.46289817684056067,-1.113299672375073,-1.2725817822398773,-0.7600414800700191,-1.4397631587065345,-1.257121195220049,-1.4405104156873978,-1.4366643146601945,-1.349184832268812,-1.576391173681096,-1.4244891628700962,-1.2236127206560956,-1.5753342867955307,-0.871253406705445,1.1010585618146498,-1.9400058979969528,0.07692942925931323,-1.09520065451916,-1.6454900046005267,-0.9868652771944034,-1.0276335693031398
0.24615384615384617,-0.005451574599097504,-0.3637664683443591,0.4773131737812458,-1.8015196967459104,-1.734934697505322,-1.9491756478740965,-1.7841462720769892,-1.9431866159406779,-1.604356447389721,-1.5712388819975571,-1.7594612137047352,-1.6403061923672788,-1.4830917189502402,-1.7607139612708034,-1.5216621950940192,1.4738755262277068,-2.2597427839809505,-0.4809911767318961,-1.309089243240993,-0.9799124922569885,-0.8264103320888904,-1.2578727613929492
0.24615384615384617,-0.10967948596270008,-0.36202885589443484,0.5904654456377609,-1.210546287972742,-0.7600414800700191,-1.2827444575362863,-1.2825140740558276,-1.2789176678709293,-1.1246774975308529,-1.0689850232398723,-1.1752962958488533,-1.0490744714484064,-1.1382824259350615,-1.1761896267676684,-0.7295466472650147,1.2506372469306763,-1.2800206305448785,0.03388317902541771,-1.2043633333756176,-0.1946070416239943,-1.012121348460076,-1.039440138312902
0.24615384615384617,0.020520841885806235,-0.3047036287320951,0.8163247634530694,-1.950350170184193,-1.734934697505322,-2.1244695617809866,-1.9270613468614552,-2.1254361477103605,-1.5461367470523515,-1.5173835946607586,-1.576391173681096,-1.4971515017925823,-1.3712540226584484,-1.5753342867955307,-1.560077182108393,1.7759702422399841,-1.5813144879908931,-0.7259138591080438,-1.1895019459053857,-0.5030869258869038,-0.6580530684502104,-1.106861861342334
0.24615384615384617,-0.05664743555864183,-0.4071642873221169,0.5936473969746865,-1.2037880038425544,-0.7600414800700191,-1.296389744466659,-1.4433182920209369,-1.2925280456556016,-0.9912558997790474,-0.9255037857939241,-1.246717777968593,-1.1139729858550105,-0.8218984963403368,-1.2476488811653372,-0.6096572072990026,1.1177788377943865,-1.0099173304906945,-0.3226308531384324,-0.8398640028657522,0.2717036637527145,0.3064843391828535,-1.1234620749124509
0.24615384615384617,-0.054110594878720594,-0.414621875659635,0.5736985300897957,-1.8892822911637674,-1.734934697505322,-1.9700504006709165,-1.85411467966646,-1.9709675221990768,-1.614829700584638,-1.5895733061988109,-1.8112803039927268,-1.658305470883749,-1.2518137061294028,-1.8125711378864806,-1.540667914371383,1.8170930831631218,-1.8006874335950067,-0.759599085991329,-0.9674800450801978,-0.7892062448674343,-0.22192606785725702,-1.0144510467621648
0.24615384615384617,0.9374558655463189,0.36717413989231007,-0.9241130801179112,0.6899978530141634,0.2148517373652838,0.8537997830521179,0.5441506847801555,0.8549545773226256,0.3382016795562289,0.2689703841231363,0.5124763875473131,0.3352091508752431,0.05607618173676725,0.5121466829585593,-0.278211599711713,0.010851378000709793,-0.009443162158206564,0.40552303463417533,-0.14740516601983772,0.6254801783838961,0.5927990544071929,-0.23173322269204233
0.24615384615384617,1.123104282541665,0.5594424409841784,-0.595179387996645,0.32480324330918503,-0.18976550566297148,0.549556028840557,0.29819955845665647,0.5480288998134397,-0.17516227723349145,-0.21796693822377092,-0.16449283214163996,-0.0679931169340921,-0.15215019263155402,-0.16450936479375733,-0.5492737093677584,0.30571570440012774,-0.6008322932118363,0.176449034648929,0.3908216009469151,0.35901177977753124,0.44183734088830073,0.28815528411752667
0.24615384615384617,1.3116761064157771,0.5139132587544262,1.775812003101137,0.2908459517407155,-0.18976550566297148,0.5367601198856475,0.30834152870935855,0.5380733597880467,-0.6429079947362766,-0.7138892945969423,-0.5489171608839066,-0.6022127024703005,-0.7670599996727441,-0.5495374481083282,-0.3987626286497875,0.11772557446578598,-1.543543319477528,-0.1017974451375069,-0.721908504586406,-0.5051491335161634,0.3148124685989651,-0.7785415945558247
0.24615384615384617,1.218537812881542,0.5262169547913882,1.6319089564143692,0.852554276641099,0.2148517373652838,1.0261416552711362,0.922204235813427,1.026184290582134,-0.10443040085241381,-0.19330101163800364,-0.046713256811778306,-0.015679612608342542,-0.23504156869116288,-0.046728276604069745,0.022589640468861947,-0.13127096782705597,0.003285125142655053,0.07203205990020885,0.7411988526090028,-0.17332553847320478,-0.013263061194368816,0.6834534179556568
0.24615384615384617,1.3508642548236962,0.6648304866520142,1.5626675352698485,0.06213728467941972,-0.18976550566297148,0.32140977787343034,-0.019390975575777798,0.3228629184249808,-0.7273211508821421,-0.781565937972677,-0.7207116318566988,-0.6708611632429133,-0.7751778970744859,-0.7207353090504235,-0.6654235877831239,0.4033259641737279,-0.5526033406500689,0.0750861389470297,-0.25558729783236994,0.28502408628822246,0.2804733026093848,-0.3189620187312728
0.24615384615384617,1.2587165371740021,0.5885098677179119,-0.5187592648596178,-0.06984038099762772,-0.7600414800700191,0.22525027839519074,-0.24128054566234192,0.22329531219897855,-0.32303594735508895,-0.20148361582258958,-0.2909893133013386,-0.2659462133590369,-0.4057939599588861,-0.29152242969983577,-0.18557264102368393,-0.004965099277419973,-1.6069346157930047,-0.053817682597208316,-0.9588229795979091,-0.5372452371413259,1.4532113333085217,-1.0101789329757376
0.24615384615384617,-0.056937360207774956,2.7348354828046437,-1.3714704498324375,0.8833197681084674,0.7851277117723314,0.68385319786616094,0.5264348891117813,0.6824848888027741,-0.5613186237999653,-4.8536739167411025e-4,-0.8549307076499705,-1.0195988457085503,-0.8163373046931656,-0.8542402113977571,1.4172293543353158,0.4082968570325691,-0.8738987924260092,-1.0017206899517528,0.9274890321094839,0.4200986860047267,0.8373294440321913,0.7529501676813536
0.24615384615384617,0.09640861879657937,2.437729027865258,-1.250685580254406,-0.13795384039630423,-0.18976550566297148,-0.31761166428353943,-0.5371367103597318,-0.3179994674806561,-0.9813925090665891,-0.7931097682749659,-1.3212530260443274,-1.2067813906587925,-0.7603235020295359,-1.3212844170963056,0.17455244697203895,1.0100008426277034,-0.45927218788691226,-1.161562874384501,-0.3364828875843866,0.5607484400677764,0.6765218334714798,-0.40441539085926054
0.24615384615384617,0.39930739597912185,2.4852432268069258,-0.9713473366144584,0.1292629163985248,-0.18976550566297148,-0.1108500127113049,-0.1398315320394411,-0.11332678087963496,-0.679935130117728,-0.5058461636955416,-0.9408290840240021,-0.751255877737954,-0.35377191332531716,-0.9416086919192301,0.3099048224077359,0.8595183588100693,-0.11350148071158314,-0.76037615935827,0.9966565821013242,1.7457265146622178,1.5518923523466635,0.8458603202365593
0.24615384615384617,0.5812109529231564,2.4393925306628477,-0.8594016426022066,-0.1899056379300199,-0.18976550566297148,-0.8057529156692671,-0.6483070572203711,-0.8029534430485951,-1.216208746249441,-1.0286478134201367,-1.2904935861650664,-1.2137709970058523,-0.9913066559655813,-1.2905245821169535,-0.37056621022683617,0.7081320762908275,-0.2704740699790474,-1.135973667696342,0.7074429014738339,1.996812283103815,1.136248683859021,0.5040024461268265
0.24615384615384617,1.5193829571327206,0.6740008047966302,-0.45613066261553076,-0.42336099999381527,-0.7600414800700191,-1.1399618664693378,-1.3610310678036888,-1.140613089439283,-1.188393343530536,-1.096413645543419,-1.1267671488494144,-1.4999019613274402,-1.111825898848174,-1.1259568166752845,-0.5796379013632127,0.608940168789414,-0.34653592893642515,-2.4466795800448797,0.15338704158189942,1.9517194755826208,1.4212049839966665,0.1565186974983445
0.24615384615384617,-0.6109833647024759,2.6599928343057977,-0.6431579597196116,0.2089364346770437,0.5286972535728431,-0.1303474258571473,0.17703784395767105,-0.13067524353590998,-0.40760726906393685,-0.10577956655111366,-0.7447106098854995,-0.5079569579291037,-0.2683024551859337,-0.7440633799936703,0.552626177259193,0.645544016204514,-0.10370753024123001,-0.6138707224790967,-0.46021618364641376,0.6405151107507071,0.7952316380282304,-0.6005775402526602
0.24615384615384617,0.545912626891116,0.45031538997646714,-0.7913879242641467,-0.19745556723989136,-0.18976550566297148,-0.35487157449957124,-0.42496663879258445,-0.3527589210155851,-1.3774229795031154,-1.1960247865720646,-1.5375281572734634,-1.502656783210732,-1.0648618490563975,-1.5364952928759439,-0.09196620443044133,1.193020079703204,-0.9471417638707997,-1.1189322680445515,0.8928479285913509,0.6607175517699073,0.7155658178670865,0.31355494244773874
0.24615384615384617,-0.38749978099516824,0.2952381787065999,-0.8134703775649732,0.5431136119983496,0.5286972535728431,0.6916360324248876,0.5833541517569594,0.6915715170415155,1.0305786346909482,1.0785668042323466,1.1604504277246295,0.9373149057918215,0.8237035782223484,1.1604509137569816,0.3904596148695166,-0.8091199940326147,0.3798326963205963,0.42252829133866704,0.24363222536453438,-0.7942298785689447,-0.7612037955909143,0.2589939463753696
0.24615384615384617,0.6714016791911975,0.2078263488187413,-0.9655192571506277,0.8546223172604344,0.5286972535728431,1.0386498224771405,0.7900111940297158,1.0376575678066136,-0.012591699829338335,-0.029915314612396895,0.0759821824566983,0.09436746202380737,-0.07845264748175136,0.07555325547321257,0.3154680837591545,-0.7008900995151273,0.8795358273914525,0.26752926184407216,0.2194597686306107,-1.0076563786180739,-0.5421123408009493,0.0999381567269369
0.24615384615384617,0.04857105168950186,0.17877404180351925,-0.9418359676769079,0.5182168214659066,0.2148517373652838,0.6799473202899751,0.5703857067487896,0.6798790607135717,-0.1310114156531303,-0.08266570192908829,-0.030720319191732882,-0.09107941821554331,-0.28260479885524104,-0.03073513355729599,0.4143001800760211,-0.6077988332495633,1.1557194581895087,0.18653291694553334,-0.23829793278938696,-0.99694968435686,-1.181066387857421,-0.27256797265061844
0.24615384615384617,-0.21876363519929373,0.22088842105379547,-0.9115445636013487,0.613363126652928,0.5286972535728431,0.7223886334165562,0.6837138186617558,0.7223339688767125,-0.11653283830908334,-0.015137185833298027,-0.10389674088066399,-0.0016815663948707078,-0.06661480918083308,-0.10345104029727227,0.3457191068143717,-0.6843957732107919,1.337119198973895,0.3152921667005746,0.08266474206765201,-1.181697110864193,-1.6088574220241474,0.17936618395614576
0.24615384615384617,-0.3885869984294197,0.208735438651738,-0.8940007127532502,0.09442496365210563,0.2148517373652838,0.18293845404088113,0.24656951107548825,0.18449742133650454,0.18264753098926712,0.07793485667420365,0.21016072826868973,0.3256129119168105,0.1983361027041687,0.20976488553178269,0.30583744231000276,-0.8378156028086498,1.199455508128826,0.3640670740814665,0.13212687377637858,-1.6706921001627575,-1.4642907087595338,0.08348219634960836
0.24615384615384617,0.30585501740832566,0.2327940244385121,-0.9533360384379596,0.37180268697036356,0.2148517373652838,0.5367601198856475,0.36796451326272944,0.5366459937919108,0.2245460404392759,0.15292405130210923,0.281252223745538,0.37681389051305314,0.23083703790256999,0.2812414166174418,0.30685598522189517,-0.8034712521475686,0.8334811703172096,0.3409175163360324,-0.1292049654159398,-1.3286054252904602,-1.0075262481956657,-0.11114864992034466
0.24615384615384617,-0.8503886437247149,-0.9939021595914247,-0.009153350376418738,-0.2748130127141563,0.2148517373652838,-0.31761166428353943,-0.6660687495528278,-0.32045702937353887,-1.59914267714289,-1.4998013654350888,-1.5247676568938562,-1.6764932269472879,-1.6090157736598605,-1.5248016620587481,0.26945404337053874,1.1198123848730033,-0.39439929199144086,-0.3309256595437043,-1.1058665114197808,-0.8820655360803161,-0.13927173450538924,-1.039684259100698
0.24615384615384617,-0.8250927180877905,-1.013456957124465,-0.10741763498920938,-1.1246718356553125,-0.7600414800700191,-1.2827444575362863,-1.2697706103582012,-1.2789176678709293,-1.6183344265094706,-1.6457833361062089,-1.7341289116290604,-1.622491525089046,-1.4194352415838989,-1.7341656060058184,-0.8861481096437421,1.0129381884079272,-0.06917856340616493,0.013372056432860456,-0.19048135898225202,-0.36609399349201827,-0.7130453684309364,-0.2549912759293182
0.24615384615384617,-0.8199948763405212,-0.980741333365912,-0.2651721688649716,-0.08041947726270704,0.2148517373652838,0.04288002692065521,-0.2979464659123037,0.04456005239641134,-1.0388627059048536,-1.082644476561877,-1.0673724962890605,-1.0448329190760823,-0.9265963549298316,-1.066590045053392,0.2069148413478613,0.4661399739354435,-0.30185704290074794,0.10745214825387742,-0.4135902085885915,-0.27432575398996584,0.4124825133322028,-0.40644603195774426
0.24615384615384617,-0.8207921691256391,-1.0424902513870395,-0.13269106002195874,-0.4104860511841759,-0.18976550566297148,-0.24563473651119927,-0.5537775009930386,-0.24834725123471396,-0.91146120047554,-0.913036441227785,-1.0241424071222278,-1.055456284506557,-0.763015015273556,-1.0233796323515967,-0.21482059540454543,0.9334039026664748,-0.28780108844378766,0.30788286250414376,-0.392833614522187,-0.1138692150226325,0.38118149493074593,-0.3985675883516057
0.24615384615384617,-0.8497846340390197,-1.0445380382756946,-0.6926427190791709,-0.6930590892667017,-0.18976550566297148,-0.6896743985432814,-0.874655832299883,-0.687074927478392,-1.3290104714180195,-1.365281216465102,-1.246717777968593,-1.3171750044906878,-1.3961439912536129,-1.2476488811653372,-0.32170332096264775,0.33960815571040537,-0.26518264290763865,0.05799052487429027,0.2277196621110108,0.3404878798519142,0.35134338508418966,0.2847043038900491
0.24615384615384617,-0.8572501937542151,-1.0775556918797689,0.007684935913030047,-0.7701879296862714,-0.18976550566297148,-0.6990276651372604,-0.8646030881057524,-0.6995376456209277,-1.581872151084357,-1.4823976390806017,-1.6845631479775613,-1.5276487947238824,-1.4194352415838989,-1.6834363895427882,-0.8547819310057765,0.8434759318565375,-0.156236969895579,0.09030231976018693,-0.7005428523000138,-0.5730700999100915,-0.9064784521026313,-0.72270451254725
0.24615384615384617,-1.1527558923838452,-1.3330476018730888,-0.4838916771369028,0.23273517789464718,0.7851277117723314,0.16677399649014252,0.20411562626002508,0.1665413543915275,1.2032927138800922,1.0785668042323466,1.222753454508471,1.2717191314343836,1.0453328063532619,1.2229671665640125,0.7852545807067252,-1.0904273399079218,1.339966948815962,0.4692249792498269,0.35137866040825055,1.125517570162391,-0.017471535626411332,0.40533326225952787
0.24615384615384617,-1.0576364470805295,-0.9922157940658576,-0.11060031995979266,-0.07335960560720362,0.2148517373652838,-0.1108500127113049,0.18248773081231356,-0.11332678087963496,0.884284876172456,0.8188427142795722,0.9057680526480221,0.9541488700227491,0.8755345738995959,0.9060209564596826,0.6197321102131431,-0.9442378999229225,1.4901761322085165,-0.2062324913598774,0.32175311464145906,1.1454082821213545,0.6529977414413413,0.24153931004796708
0.24615384615384617,-0.9864357853307527,-0.8710085257176429,-0.047529601717114386,-0.23184154608146726,0.2148517373652838,-0.28121233748428864,-0.001124501036250436,-0.2791907229653495,1.1839241966154792,1.039247366702141,1.021436007779552,1.1923524368310168,1.3624843271388425,1.0211957088114945,0.5241803920234155,-0.6491476238481023,1.4370021005291056,-0.17990235425207401,1.1974605089133392,0.8819132991664798,0.16634292429681297,0.5869924175779657
0.24615384615384617,-0.9920893159888621,-0.9353361536522826,-0.2514308001778474,-0.04540308509187595,0.2148517373652838,-0.029042146537739188,0.1660858068746366,-0.027294058129166746,1.3251798910700965,1.2094893604404848,1.3533810316909802,1.3981644746411301,1.2645354620008349,1.3535807986806663,0.9650972981522785,-1.1611495883087015,1.2201690399192675,-0.17135454721570328,0.9443179344620548,0.9303511992956013,0.7589776292337541,0.7527282396924481
0.24615384615384617,-1.0144859951344483,-1.013957955452348,-0.1520023628316691,-0.15263963199110772,0.2148517373652838,-0.15008907181981254,0.04075512449263193,-0.14821673894494303,1.444713391136336,1.351129493293339,1.4531486642563036,1.4906264413442067,1.3948868281286921,1.4533385590555903,0.6551821578079535,-1.0212867392349545,1.3700896000170182,-0.30170408665192916,0.045698393688573515,0.9532153269060551,0.09777169812256573,0.029287381458932737
0.24615384615384617,-0.9199947199042559,-0.90457559436427,0.007116163696148389,-0.5253669791096508,-0.18976550566297148,-0.5815620254628535,-0.341710238427534,-0.5849404175618115,0.3275696874979727,0.21836147406413706,0.24438266672115166,0.3323358419763035,0.5581183913539617,0.24474781332604859,0.32249998127065577,-0.6970489550332959,1.2148679920713656,-0.39847682804677004,-0.16690420162298472,0.07864745883214357,0.16671910078235913,-0.2393120635131584
0.24615384615384617,0.3899331656571287,1.06248696891993,-0.952176549429286,0.178722898410272,-0.18976550566297148,-0.190330086753254,-0.0880845686983558,-0.19067711841027676,0.4682319647052428,0.3059700719674289,0.45553992834894114,0.47224780964391894,0.5921814715307038,0.4555313599185608,0.6036877193245733,-0.7560218203131793,1.7182270182097412,-0.5971184664057039,0.8141124775563069,2.053079378476579,1.5203092015810473,0.7842420141170016
0.24615384615384617,1.301142177497249,0.9040671704357914,-0.5258144996802026,0.6694299132833517,0.2148517373652838,0.7748027064994915,0.7079116978174441,0.7759921773528353,1.759175974990886,1.5214341789874741,1.9124426492614934,1.7090368971020653,1.4000322553676188,1.912310862903104,1.091673995201875,-1.4094682815753379,1.0372011125664462,-0.9425004708012595,0.2513839588240413,0.7482294906418019,0.7400930471920136,0.27931145375965033
0.24615384615384617,1.0685984485045097,0.50105137772799,0.9086245993967429,-0.548356163838918,-0.7600414800700191,-0.5728786933296857,-0.47214359790880983,-0.5733482650758006,0.6022170523343103,0.40090102758281937,0.7667922292435037,0.5685766814001735,0.3982245955362329,0.7667876587991971,0.27157256614687814,-0.7194179728980786,1.0365180374354095,-1.0185813748670456,0.09093472536796132,1.0099500158691743,0.21865757915473075,0.036744161886151074
0.24615384615384617,1.1736236526532307,0.6505946824156127,-0.7120001764894968,-0.5763501611979619,-0.7600414800700191,-0.5133991516063503,-0.5043321114518764,-0.5110716510771487,-0.4174546516959151,-0.4575541724468015,-0.27561241906826844,-0.4170775647190248,-0.5170205499535431,-0.2761407270687272,0.40976348506325777,-0.7228072180291065,0.361418530112093,-1.544533543971703,-0.19654625800417333,-0.15775107504059885,0.23228875208235594,-0.19440493495816985
0.24615384615384617,1.1673177915345705,0.7654253276108911,1.2031651150735692,-1.230980056706139,-1.734934697505322,-1.5166574720448553,-1.2953529952997322,-1.5121830138490602,0.09781453501361347,-0.05232416079065804,0.1997591469962175,0.07001261663420325,-0.011225060818358322,0.20013367228816775,-0.18470078385807132,-0.27248951495321405,-0.010155099618723556,-1.5846883584216267,-0.41117507260481634,-0.07065877144209987,0.5087183852142975,-0.5190301007294057
0.24615384615384617,1.6702645766194375,1.0114932991956476,-0.663891612242925,-0.6631399114780968,-0.7600414800700191,-0.6896743985432814,-0.70215403968168,-0.6932939715787179,0.010888692374162899,-0.0750298215003249,0.08468397790473252,-0.02154559195387364,-0.09866865250490395,0.08467064588892598,0.13794586754131274,-0.34343771302939585,0.6572285449568305,-2.5989859599656486,0.20875446970670775,1.4234945830111643,1.1983569890246542,0.2919391563283622
0.24615384615384617,0.37558189552500554,0.13103450646217762,0.9633320925226694,1.9366720420766947,1.3554036861793815,1.8800526869942942,2.0673087640858463,1.8803688518178956,2.1021610527947785,2.1439373098563164,1.8197092840929043,2.2373336721115242,2.599068193331819,1.8195683962790874,1.6171261882832033,-2.152616763972032,0.6068252969075387,1.3627689938656837,2.189242108679636,2.2570101317677222,2.695468868405885,2.784989412495004
0.24615384615384617,0.7076905811077789,0.469732391508498,1.1514781623454888,1.8196166501293745,1.1897449548005867,1.8542760713554651,1.8202228544332442,1.8539648841773535,1.5695590645376483,1.6570302481881782,1.3349788847756354,1.7510472504311283,2.0242825583927737,1.3349816125981324,1.4181353426838554,-1.698909815765111,-0.19733692707568484,0.9193853878670997,1.2913059238909297,1.5493611858714398,1.9867811053413618,1.4373538926664255
0.24615384615384617,0.8309085569896457,0.46321147867880186,1.2358526834207793,2.0966743167885955,1.3554036861793815,2.1059477924473717,2.20812083036972,2.105808609912217,1.8609902343594917,1.9236593654713685,1.6645419635949343,1.9429210217552486,2.1487965161620086,1.6645489246025196,1.680324965645918,-2.166399694171545,0.522739710354606,0.8301484509842381,2.116176219177335,1.3050255505418962,2.3329183311143034,2.353483727266972
0.24615384615384617,1.1694439056282182,3.1150266180417354,1.4313612287844542,2.0009517140291613,1.1897449548005867,1.9791393701111895,2.0978363343191693,1.9789153447097727,1.8740388180706091,2.168812024253297,1.6846039661567498,1.8191539990166143,2.052084513758171,1.6847733318472506,1.6597017585671767,-1.5583691176651586,-0.6821952000171165,1.0410786914250547,0.7263769071620529,0.42887505800832004,1.3803245268973185,0.7059680124301002
0.24615384615384617,0.7843998111910977,0.40729541840810773,0.9236105076049379,2.245056636404139,1.503590471008146,2.226243384099116,2.4079585224231055,2.2266704426448154,1.5031564088051521,2.064886125543131,1.2329201087043917,1.578881849167568,1.9963173732902364,1.23271033297415,1.959588568783188,-2.114205319153717,0.08938145398272218,0.8064748205029598,1.100793613386531,1.3637624992380752,1.5072893154424347,1.0534406646591372
0.24615384615384617,0.9323338634116219,0.5649413162468881,1.2858066865289368,3.126757765997367,2.1646381722358896,3.0386285246181823,3.314125753703389,3.0396077330356266,2.783467239311131,2.9344368485922216,2.495241326479477,2.898596361206226,3.3884324511342334,2.4953598886016204,2.5852174789652813,-3.0378875921964914,1.2250179112719772,0.9075666441001099,2.9814186356904275,2.685457745904885,1.8218303287662347,3.5598953713556587
0.24615384615384617,1.0603355960041967,0.6694845358124886,1.3843405080551265,2.891415869213777,1.9768297923775524,2.821160124233007,3.0709387960884666,2.822112859942232,2.2174718123164263,2.5126251354894675,2.022903449061216,2.2784572335953786,2.498082972886653,2.0227819609079307,2.3211258289879906,-2.810130319391424,0.8238122899412714,0.6568972331033154,2.6092648008947283,1.5552121005405017,2.09561888948924,2.753786337254917
0.24615384615384617,-0.7944815072167464,-0.74368267987334,-0.32389811280988823,0.49295867159522977,0.7851277117723314,0.6201669251162036,0.2725789323537879,0.6200795163524183,0.009474359567416438,0.042733366760217675,0.035628708096464956,-0.11695801789214695,0.032211071717608696,0.035189339557981564,1.0788582006574088,-0.08269178761565764,0.6574017189337126,-0.860636695167528,0.7514189229208984,0.23851650841672278,-0.9621133869128319,-0.42133740001329006
0.24615384615384617,-0.8487215769921957,-0.9743132340218149,-0.6236056761250511,0.5131944342097448,0.7851277117723314,0.6403467244448766,0.098861976287504,0.6402657797862144,0.11123276187923606,0.006793846611108485,0.21016072826868973,-0.109524704835313,-7.024455943578631e-4,0.20976488553178269,1.1687848977605693,-0.014003086293493896,1.4733686356744242,-1.061989054573938,1.3257736659578911,-0.6093026083730132,0.1810451552735617,0.45388000983256366
0.24615384615384617,-0.8784388535284106,-0.9978843423816479,-0.403550011464216,0.396180212101904,0.5286972535728431,0.48451155174330224,0.098861976287504,0.4829038499883716,0.3633479636086731,0.27519272243162146,0.4007697939022747,0.3246503655728031,0.3066271070144228,0.4007605219582695,0.6558773229888696,0.12314836667543065,1.2484348812570838,-1.194055384006897,1.926857259191315,-0.22296239652631397,0.15091707605273058,-0.0032805509129207864
0.24615384615384617,-0.7705385632757797,-0.6903794710742,-0.43041441792346546,0.5990595723512288,0.7851277117723314,0.7261908567211277,0.30834152870935855,0.7274031875048467,-0.16968130892063635,-0.09033574748469418,-0.14594555934678113,-0.25919566139768885,-0.23105222478839826,-0.14596185376214224,0.8322796529085771,0.24109409723519754,1.0885279551591112,-1.7053696594551924,0.22866902243885234,0.04821790672132433,0.830250011561156,0.15528699715992003
0.24615384615384617,-0.8761919374976238,-0.8531744644374414,-0.24894991067634425,2.189325902370617,2.0738664454151934,2.286645734105503,1.5946371591535466,2.2870921410666027,1.1960084017868418,1.0668653777615393,1.1755852887647134,0.638275794749728,0.6487418434768787,1.1755859692019375,1.9424005045971078,-0.635138743973188,1.270052766037912,-1.2887318344583576,2.0545797031429873,0.9196445050343868,1.52231808850733,0.6075651421494878
0.24615384615384617,-0.6785358079506523,-0.46870205001321785,-0.34538019645879703,1.109843832859086,1.1897449548005867,1.288697703839487,0.8089924286774934,1.2879380069799835,0.22140596827617406,0.21192900001813983,0.22849762373451504,0.09546642747224392,0.1168192343510513,0.22810611429357355,0.9986609562279943,-0.07952849216003184,1.3130383954107383,-1.6402039254739045,0.5634712611862046,0.6424094642706083,1.3335297394974444,0.47882471578552
0.24615384615384617,-0.6353853560045709,-0.7613571258174516,0.07031119013300664,0.2793779960635702,0.5286972535728431,0.32140977787343034,0.1987341839374462,0.31958872070597,0.4472970813969777,0.6276416998237526,0.06096101017213982,0.1696634858077001,0.7595406313278317,0.06052822376654822,0.6669286662745425,-0.5049917309417207,1.504780470925605,-0.7632314521949429,0.17055532878596863,0.09214772505624992,-0.7283510491865811,0.11192226812782338
0.24615384615384617,-0.9661893806662422,-1.062659901701943,-1.047977090926704,0.2089364346770437,0.5286972535728431,0.20951616306716117,0.18792034382862374,0.20753867830085404,0.831847232665938,0.9368123383470124,0.31626097811090353,0.4985785033747518,1.2559792542065529,0.31588961125160797,0.4379758424979158,-0.327395286075864,1.4874053485783973,-0.42518646610121874,0.4571695049022481,0.3922828621682019,-0.6026793673105283,0.4260613364232835
0.24615384615384617,-0.9399995206944884,-0.8219297842743888,-0.04791587554708289,0.31918950948517355,0.5286972535728431,0.46670321768518575,0.2570206896260651,0.46805886614927145,0.4682319647052428,0.5553432366316734,0.3852392682880003,0.243849060370759,0.6577941290580666,0.3855764610402397,0.7160466005078271,-0.5644164955724076,0.7626049098898124,-0.6094793543821881,0.368175458788382,2.1163144483930216e-4,0.1595612982101678,0.3520816413216998
0.24615384615384617,-0.9585546982390519,-1.010278827446127,-0.5479624257812817,0.40690601478464755,0.7851277117723314,0.5281714294456663,0.3133900978137492,0.5266180822487301,0.6675936340887679,0.7730043596782183,0.5999896354885805,0.4508920303678748,0.751567728072532,0.5999829224916087,0.6819093573690963,-0.6624786546968119,1.7953856456873736,0.02669073251278511,0.14177457612250283,0.1947065858741958,0.07017497316905322,0.15499849077434316
0.24615384615384617,-1.016636269615524,-0.905874023899745,-0.3458681536946033,0.01255398832978656,0.5286972535728431,0.16677399649014252,0.004921318183719722,0.1665413543915275,-0.6480051455673982,-0.7138892945969423,-0.5221855203305087,-0.6437477957767092,-0.6930416175071749,-0.5216173243463977,0.10172511465018819,-0.150702639911615,0.5629064522148456,-0.8134520774678228,0.06170635160305924,-0.4989385314699047,-1.3321743922318035,0.06474037768655534
0.24615384615384617,-1.2552684162400731,-0.6814629433514462,-0.7234053021285535,0.9840319907058441,1.3554036861793815,0.9976299487211651,0.8352178928880805,0.9987290310618471,0.19735995433894135,0.2501666966276724,0.31626097811090353,0.0644294718934465,0.04673906469133044,0.31588961125160797,1.0114662699275276,-0.7770351401255516,1.6628786910428055,-0.7867785823606728,2.5270575345544857,2.0410538304989774,0.4665526584560004,1.7829845425875481
-0.7538461538461538,1.9804597908051806,0.8030283484838885,-0.2084859078694637,-1.080129031691148,-1.734934697505322,-0.8361594047027373,-1.0552424888319576,-0.8367133119849743,-0.05242233073768024,-0.13709098173060655,0.12269692566410728,-0.08375580300845767,-0.3871935569670414,0.12308827080556255,-0.6654235877831239,0.495287482062282,-0.2752267335668217,-1.6240299565573069,-1.0380491627830934,-0.6503189589526477,-0.3830445464858866,-0.9642731284706751
-0.7538461538461538,2.0075919058866196,0.7922527691263449,2.1965153540452507,-0.9240014458737734,-1.734934697505322,-0.6528067338710228,-0.989311746176186,-0.6533019086099091,-1.2688334447898266,-1.2107394891252066,-1.0844838525359273,-1.2067813906587925,-1.4609497826038795,-1.0836934706468655,-0.8036401046768762,0.6310832369787954,-1.0935699821014204,-1.651534739452349,-1.2233083461401015,-0.6018091213480874,-1.3830339755449361,-1.2755049401114755
-0.7538461538461538,2.558013852267148,1.022415386741855,2.2991331689019283,-0.728627602841206,-1.734934697505322,-0.385327030328506,-0.7204856365818879,-0.38317515002408215,-0.3880733124016712,-0.3028482525564384,-0.17312144144554956,-0.3405745584135055,-0.6878715432161334,-0.17361873738048503,-0.3146442729983948,-0.1814317957662676,-0.5536520052878574,-1.6271743929723774,-1.6818237013096624,-0.792467410420682,-1.306322708197351,-1.4532359700262898
-0.7538461538461538,1.04711986408118,0.4800553149589386,-0.5586562236871205,0.7720901549897313,0.2148517373652838,0.9880102598807018,0.786189591617687,0.9880406807318688,-0.262744414668415,-0.3739155202358581,-0.044037357806812345,-0.2822553926535983,-0.5973109416571405,-0.04449804141300315,0.03706185041812439,-0.5913045069452287,-1.215234321637848,0.1286138438978272,-0.04804979211534379,-0.7431302918485698,1.3077982229514293,-0.04075309183958154
-0.7538461538461538,2.0795415396466583,0.8083441356537031,2.0709932594396006,0.005834844938808511,-0.7600414800700191,0.2966679699695807,-0.001124501036250436,0.2981390614586375,-0.3987018024657385,-0.17705205280569547,-0.18759992858792657,-0.3965394811102692,-0.7178085149440274,-0.1871321552157652,-0.2609992093615044,-0.19566662531658408,-1.2189383205878344,-1.299918076647601,-1.362404768898766,-1.8369515954821931,-0.30144820949961576,-1.1725636424577497
-0.7538461538461538,2.192829596295693,1.0972974206433836,2.322444147606953,-0.23184154608146726,-0.7600414800700191,0.1004054198563379,-0.30516326803414595,0.10015151820755382,-0.5095481790407121,-0.44805690537442944,-0.3268899288617654,-0.5017481404748594,-0.8386880275424478,-0.3263828223158271,-0.18470078385807132,-0.08088419021244302,0.23355841051387125,-1.2881535473015624,-1.4860500083506742,-0.6644906416141877,-0.7486671917427591,-1.2242839602721312
-0.7538461538461538,-1.007044595806681,-0.8703880691448596,-0.10606672782477022,-0.6483710309589125,-0.18976550566297148,-0.7179023912756627,-0.6840164315736793,-0.7152558778689104,-1.108766149823395,-1.0286478134201367,-1.1649645477068211,-1.1183870030547238,-1.008248866020466,-1.1649939312582673,-0.9893712991615449,1.0280768166598513,-0.820080168721535,0.6975761202890833,-0.5862499586477903,-0.09142472268557464,-0.492201035711797,-0.512383357461692
-0.7538461538461538,-1.050726576276174,-1.3130659372217637,-0.2672507419962812,-0.6434757929170686,-0.18976550566297148,-0.6803763137841959,-0.596100341963357,-0.6808803197636637,-0.9497062081075651,-0.9763001636412667,-0.9476188975064663,-0.7892326237934765,-0.7970100282753234,-0.9484015897106877,-0.9999395344249629,1.0538350796556626,-1.2453665936153977,1.0492108545674794,-0.36797596729077803,-0.4092684683348316,-1.2874224521353794,-0.35951935870371726
-0.7538461538461538,-0.9788252632909904,-1.2448169588051259,-0.36465424656894013,-0.6780352033532148,-0.18976550566297148,-0.67113276356015406,-0.5705814392334211,-0.6685636505938614,-0.9642610924428476,-0.9763001636412667,-0.961279948455726,-0.8735199609400364,-0.9959111472853615,-0.9605448885304336,-0.9031999605751417,1.0531572306294572,-1.1379698656187864,0.8782908567873857,-0.23766502590415953,-0.4119661236638049,-1.3826682484062114,-0.2982117517686266
-0.7538461538461538,-0.8993617490409,-0.6500505611276273,-0.2736737960458604,-0.6582030117802506,-0.18976550566297148,-0.6257111530978465,-0.4483928071753743,-0.6261976484301833,-0.7520331604312439,-0.82821513817873,-0.681447010707094,-0.5956582990950372,-0.7522735112305058,-0.6814701835530346,-0.7107622431246349,0.8041606883366151,-1.0684212723474886,0.6936365390334194,-0.3010089152955489,0.03342276593931082,-1.329366130273736,-0.48195703018277425
-0.7538461538461538,-0.9385982182236752,-1.0912774659290354,-0.025046820006464562,-0.7649382847509929,-0.18976550566297148,-0.7759219784755813,-0.6046917783566728,-0.7764565901717159,-0.9268999627515281,-0.9255037857939241,-0.8209017414913025,-0.8205957193259273,-1.0191156017601968,-0.8209267056109767,-1.0637683973739902,0.9306925065616525,-0.8903503202298436,0.7798916827640596,-0.2590169193452196,-0.342570439023371,-1.0631402843122242,-0.24949855820391195
-0.7538461538461538,-0.9142445476964354,-0.9615445542923603,-0.015860850254609326,-0.6930590892667017,-0.18976550566297148,-0.6896743985432814,-0.48816229367904995,-0.6901813829367733,-0.679935130117728,-0.7138892945969423,-0.6950873039037239,-0.6640430393424467,-0.7349568560482607,-0.6944586324720923,-1.0323976956196723,0.9618735617671086,-1.3209666553010886,0.8157997009062715,-0.30498246982715255,-1.4058303051745364,-0.9851306856221644,-0.3564456560573788
0.24615384615384617,-0.060199012510530725,0.10857739182608667,0.5058069023794656,-0.8619436038160291,-0.7600414800700191,-1.0436863935707337,-0.9572736550275046,-1.0404189190107602,-0.967918353295624,-0.9892379784252097,-1.0076215142030756,-0.9103738078795356,-0.8741879493647585,-1.0076488767083958,-0.7422875109137042,0.5117818083666174,-0.9806028245150898,0.5034342788689561,-0.7360296661778282,-0.34279824102892864,0.1774740909975815,-0.8194540193105181
0.24615384615384617,-0.13139967426030763,-0.3967992243126836,0.7079361924950113,-0.8898776863525871,-0.7600414800700191,-0.8567612770910641,-0.7204856365818879,-0.8573217836792036,-0.8441557737372667,-0.8640544711724472,-0.7649703150875009,-0.7782971322673778,-0.7643623132308077,-0.7643153468341141,-0.8842729455629381,0.5707546736465008,-0.9230609603076434,0.8025352392472959,-0.5756611512810235,-0.5281571360774957,-0.34031716733597644,-0.5131601054228603
0.24615384615384617,-0.14703144492610506,-0.4385129411143519,0.6221988995475936,-0.4758350048761966,-0.18976550566297148,-0.3930337488409829,-0.3491140856711543,-0.39344571165808584,-0.9912558997790474,-1.0022741805780693,-1.0146823602249073,-0.9300892844088985,-0.8274772728124895,-1.0147098134256662,-0.7917126378294501,0.40603736027855025,-0.9624291777189244,1.0888054533342564,-0.02459004356956813,0.17222612479941823,1.210250958043335,-0.15337044980957878
0.24615384615384617,-0.09153503500440936,-0.3096773543909385,0.8284337194146822,-0.4581672797615682,-0.18976550566297148,-0.3776578142442647,-0.33433823578658095,-0.3755159011044747,0.021460769837560355,0.014042281604421569,0.0112103425880235,0.08775902729241748,0.10944241556523834,0.011627483766709365,-0.6787906488947605,0.28176503880753095,-1.4059758363973938,0.7449233812516377,-0.5293020978226232,-0.5190570454344259,-0.30721102427124136,-0.692932872835603
0.24615384615384617,-0.1393242813366317,-0.3498447549602909,0.7716243833363307,-0.4537782333584634,-0.18976550566297148,-0.4085611729168714,-0.31968867676151413,-0.4115817858541154,-0.5730290633057552,-0.6276194026954187,-0.5525131645546075,-0.5298642822802585,-0.4559983568867936,-0.5531347588570986,-0.6378302280464316,0.22143647547523637,-0.8652689559113659,0.9170541677662707,-0.01802982611572946,-0.12356878462769665,0.7768016025731909,-0.09811038057215785
0.24615384615384617,-0.10656279598451122,-0.3100823912834828,0.8294611221112138,-0.7440966467077464,-0.7600414800700191,-0.6437230153793151,-0.6133264967280384,-0.6472383410003317,-0.28929063583253106,-0.2941684754211951,-0.21840975520424336,-0.19050262449002828,-0.33888333054469144,-0.21892053535086023,-0.7030479174380573,0.2535213293822994,-1.6255123352018963,0.7062504276410004,-0.5437250367549725,-1.4041397745017132,-0.4514250720806558,-0.556857726438315
-0.7538461538461538,-0.8939981430319248,-1.0730562453022594,-0.07970647833472082,-0.36824475460053746,0.2148517373652838,-0.5386160223006319,-0.08172468024456904,-0.5390746188381387,-0.4982438846855141,-0.5454838214460503,-0.7147641506771764,-0.35048767446450163,-0.06208286065940847,-0.7147877514764563,-0.2705216097248704,0.26956375633583124,1.0099839358664187,-0.8770817361888749,0.05992137073544567,-0.41884814214749677,-0.9263295987252874,0.10178015903485094
-0.7538461538461538,-0.9031307694796397,0.4791046318083283,-0.28620291166149864,0.052332999725420874,0.5286972535728431,-0.010751564511036777,0.3433731592662548,-0.011041072580896299,-0.6086264837196055,-0.6276194026954187,-0.8251185108668424,-0.4664718364059599,-0.2460590058465803,-0.8258473452040542,-0.07790220135492627,0.044969778986389534,1.5903765193880122,-1.1128963958455091,0.44535799481372906,-0.23670245433521786,-0.6829016151898744,0.5087960906871817
-0.7538461538461538,-0.9167089072140728,-0.08533118017148547,-0.3625065077251365,-0.8619436038160291,-0.18976550566297148,-1.0554040742798518,-0.6660687495528278,-1.0521113753387028,-0.8555813493139117,-0.9380624670317341,-1.157256499574022,-0.7175971173461113,-0.31260511776606276,-1.157285784116821,-0.507397280746063,0.5226273927859068,0.9618800533990662,-1.1523825657703881,0.08421582256463701,-1.1101552915398203,-0.8442238560815073,0.08648932059927548
-0.7538461538461538,-0.9101856026085623,3.240307676685593,-0.7121381589459983,-0.06632825876343088,0.2148517373652838,-0.04754749568630555,-0.12674759085720172,-0.04784879043269958,-0.7487904702382461,-0.7249848176164118,-0.804137890400636,-0.7494680084773581,-0.5346812238408529,-0.8041626391913224,0.07719157834722176,0.46817352101405946,0.6531397149471054,-0.9116163223337004,-0.6849357354128396,-0.8776413813407997,-0.5744269458440159,-0.9536982597993372
-0.7538461538461538,-0.9153559255181151,3.189808627141013,-0.4476600981542722,-1.1441162387970267,-0.7600414800700191,-1.296389744466659,-1.1121908492196126,-1.2970910752811413,-1.1870138384685684,-1.1960247865720646,-1.2521288556337078,-1.1117701766398982,-1.0020692219117657,-1.253062883826283,-0.5809812405746085,0.7088099253170331,0.28813707556132856,-0.9797457779935593,-0.6188006349319604,-1.3173472103842114,-0.6001662994001451,-0.7510447167304576
-0.7538461538461538,-0.9583372547522016,-1.181038327582592,-0.6977191655461258,-0.7913463176942407,-0.18976550566297148,-0.9202337796412599,-0.7390154167478231,-0.917219347127761,-1.3530533027459686,-1.365281216465102,-1.4654227358711818,-1.2683134186512925,-1.0793035661676993,-1.4644329927417477,-0.5505731298692146,0.6527744058173733,0.54614705956321985,-1.065621420777552,-0.9409419842056919,-0.9209956998722111,-1.222145382546363,-0.9406932796494865
-0.7538461538461538,1.148714293215151,0.9992892048185904,-1.0017627570494567,0.5182168214659066,-0.18976550566297148,0.7147565565387676,0.5747194333855937,0.71342342481262,0.037551154937422226,0.13953138691875702,0.175239859381345,0.09656469803258572,-0.2440507112765323,0.17561964952957898,1.13444498546259,-0.5689354890804453,0.09566382103295853,-0.6205390962558852,-1.1466413081864901,-0.7987499499423799,-0.17105603519730456,-1.0398839942907128
-0.7538461538461538,0.4822258456313897,0.644273185534264,-0.44718671146649824,-0.20124285051132393,-0.18976550566297148,0.007329178292954114,-0.1530161199118676,0.009042328122622779,0.8663907930097068,0.9325848335612276,0.9859401105229418,0.889988335917963,0.5421229364658358,0.9859383549981534,0.7009581561484793,-0.53526898744556906,-0.48196759963500907,-1.0879035477877936,-0.7835105241588852,-1.2536106071450017,0.7200903850404569,-0.8156035687030109
-0.7538461538461538,1.3357640126813104,0.8956318772605327,-0.6017535838869783,0.15725691375757028,-0.18976550566297148,0.3697577653581924,0.05253515692296212,0.3711769843746436,0.15676953936830765,0.1924854760147679,0.3431213971665149,0.17701662883270458,-0.1266146421156737,0.3431113847380649,0.31395418525882923,-0.6188703673442548,-0.6432599175480413,-0.6298820481328473,-0.4686521903470513,-1.1654752101526333,1.0514287233785586,-0.417853130587477
-0.7538461538461538,0.4943060393452982,0.7500118588617951,-1.1555225648458358,1.6890053858924925,1.1897449548005867,1.3690053712152086,1.1808542086828147,1.3699997708049678,-0.15799250372081758,0.14624079791750622,-0.058806896252234696,-0.15969179737295508,-0.3378246526915729,-0.05882207138539163,1.9395894609085798,-0.9044707570521967,-0.875187976476134,-1.1279499333958172,-1.0115505439318688,-0.8159789753100894,0.7783350442191307,-0.8302730087696514
-0.7538461538461538,1.075991527057422,2.137835725408998,-1.1309190430188267,0.6299033622784845,0.2148517373652838,0.5453022589293884,0.5485511697948025,0.5437699355797652,-0.1673374427254626,0.042733366760217675,-0.06285719214179433,-0.2166025120310446,-0.4234811916950589,-0.06332305076391576,1.5790753288055497,-0.6475659761202899,-0.45520259943017416,-1.339874104887377,-0.9724570780646119,-0.2284776029766593,-0.6353675365024344,-0.9237268848976757
-0.7538461538461538,1.4510815418742813,0.9736583284652223,-1.0114747647732545,0.16648906260527196,-0.18976550566297148,0.18828997291905109,0.19333579216225047,0.1880642229372093,-0.5218754784044684,-0.36486931284819596,-0.4209175484108127,-0.4408509361337023,-0.6801447282849251,-0.4209373747974375,1.1255506708664322,-0.15296213666563388,-0.3437747660827988,-0.9711979709571905,-0.03637770499284666,-0.4297466696765489,0.4536346534488902,-0.6433985457119389
