,est,se
0,0.9298426,0.0
1,0.8735378,0.0
2,0.9041519,0.0
3,0.9647294,0.0
4,0.98722243,0.0
5,0.9443835,0.0
6,0.96284354,0.0
7,0.9632147,0.0
8,0.9524668,0.0
9,0.9754575,0.0
10,0.87914354,0.0
11,0.9444431,0.0
12,0.9113888,0.0
13,0.9882134,0.0
14,0.9747766,0.0
15,0.8786732,0.0
16,0.96732527,0.0
17,0.98066956,0.0
18,0.8612103,0.0
19,0.9734758,0.0
20,0.95653623,0.0
21,0.86948335,0.0
22,0.98540217,0.0
23,0.9572664,0.0
24,0.9104282,0.0
25,0.97398937,0.0
26,0.98775953,0.0
27,0.9881622,0.0
28,0.7709592,0.0
29,0.9077756,0.0
30,0.9875532,0.0
31,0.9798059,0.0
32,0.987606,0.0
33,0.98657525,0.0
34,0.9709171,0.0
35,0.8514009,0.0
36,0.9818313,0.0
37,0.9877712,0.0
38,0.9356028,0.0
39,0.9267065,0.0
40,0.80395865,0.0
41,0.814026,0.0
42,0.9773855,0.0
43,0.9233114,0.0
44,0.8636428,0.0
45,0.9854752,0.0
46,0.92617536,0.0
47,0.9224909,0.0
48,0.94364744,0.0
49,0.98037654,0.0
50,0.95672345,0.0
51,0.93936133,0.0
52,0.9840036,0.0
53,0.9030224,0.0
54,0.92495584,0.0
55,0.9881602,0.0
56,0.9120735,0.0
57,0.92113584,0.0
58,0.9883162,0.0
59,0.98684174,0.0
60,0.92505574,0.0
61,0.9786592,0.0
62,0.940725,0.0
63,0.94036746,0.0
64,0.98158896,0.0
65,0.8713225,0.0
66,0.950938,0.0
67,0.9503822,0.0
68,0.9386137,0.0
69,0.98396045,0.0
70,0.9761546,0.0
71,0.9635338,0.0
72,0.88170165,0.0
73,0.799782,0.0
74,0.8090043,0.0
75,0.9855451,0.0
76,0.9193235,0.0
77,0.9857258,0.0
78,0.9374232,0.0
79,0.9350273,0.0
80,0.9456202,0.0
81,0.9546705,0.0
82,0.986411,0.0
83,0.83745223,0.0
84,0.9556613,0.0
85,0.9473589,0.0
86,0.92484355,0.0
87,0.9553077,0.0
88,0.97659546,0.0
89,0.9433328,0.0
90,0.9629225,0.0
91,0.9729111,0.0
92,0.984051,0.0
93,0.98811585,0.0
94,0.9881519,0.0
95,0.9492549,0.0
96,0.9285685,0.0
97,0.9863227,0.0
98,0.975324,0.0
99,0.9881383,0.0
100,0.9375768,0.0
101,0.938233,0.0
102,0.9820484,0.0
103,0.8445248,0.0
104,0.84316856,0.0
105,0.9482778,0.0
106,0.93659604,0.0
107,0.845231,0.0
108,0.97986346,0.0
109,0.8729686,0.0
110,0.9525239,0.0
111,0.8962643,0.0
112,0.8778181,0.0
113,0.90076333,0.0
114,0.9716014,0.0
115,0.91008383,0.0
116,0.95659053,0.0
117,0.9462641,0.0
118,0.958636,0.0
119,0.92694527,0.0
120,0.98165655,0.0
121,0.80895114,0.0
122,0.94443184,0.0
123,0.9241645,0.0
124,0.98610085,0.0
125,0.9869517,0.0
126,0.9295755,0.0
127,0.93043435,0.0
128,0.94724816,0.0
129,0.9535335,0.0
130,0.9393381,0.0
131,0.97721344,0.0
132,0.9594132,0.0
133,0.9047178,0.0
134,0.90137726,0.0
135,0.942562,0.0
136,0.9220309,0.0
137,0.92166865,0.0
138,0.9188489,0.0
139,0.91287565,0.0
140,0.98147285,0.0
141,0.91640675,0.0
142,0.9881889,0.0
143,0.9609108,0.0
144,0.9274291,0.0
145,0.94285905,0.0
146,0.9731058,0.0
147,0.9658247,0.0
148,0.95080644,0.0
149,0.8125325,0.0
150,0.97987306,0.0
151,0.9169929,0.0
152,0.9670787,0.0
153,0.92372185,0.0
154,0.98505014,0.0
155,0.9682875,0.0
156,0.9206469,0.0
157,0.9861132,0.0
158,0.94131345,0.0
159,0.93994296,0.0
160,0.9572175,0.0
161,0.94349205,0.0
162,0.8513136,0.0
163,0.9217721,0.0
164,0.9878818,0.0
165,0.97336406,0.0
166,0.90419024,0.0
167,0.9609199,0.0
168,0.9217672,0.0
169,0.9390314,0.0
170,0.92206836,0.0
171,0.9609357,0.0
172,0.93534446,0.0
173,0.9121552,0.0
174,0.94786435,0.0
175,0.852364,0.0
176,0.9419236,0.0
177,0.96500874,0.0
178,0.9561099,0.0
179,0.96875226,0.0
180,0.9506775,0.0
181,0.89566016,0.0
182,0.9338215,0.0
183,0.8489818,0.0
184,0.9560609,0.0
185,0.932633,0.0
186,0.9296385,0.0
187,0.9668387,0.0
188,0.9525712,0.0
189,0.95209444,0.0
190,0.5576052,0.0
191,0.9098018,0.0
192,0.9276413,0.0
193,0.96879333,0.0
194,0.95635325,0.0
195,0.97433764,0.0
196,0.9537681,0.0
197,0.9249414,0.0
198,0.9683891,0.0
199,0.9711792,0.0
200,0.8503379,0.0
201,0.9293476,0.0
202,0.9585051,0.0
203,0.9677103,0.0
204,0.9591732,0.0
205,0.98754,0.0
206,0.93494725,0.0
207,0.8942832,0.0
208,0.9883628,0.0
209,0.888126,0.0
210,0.9817007,0.0
211,0.92500675,0.0
212,0.97241795,0.0
213,0.96953857,0.0
214,0.9449559,0.0
215,0.9824501,0.0
216,0.9439317,0.0
217,0.9020188,0.0
218,0.97238374,0.0
219,0.96340626,0.0
220,0.97091645,0.0
221,0.9834914,0.0
222,0.62128174,0.0
223,0.9508671,0.0
224,0.5788034,0.0
225,0.9332424,0.0
226,0.9668203,0.0
227,0.96728635,0.0
228,0.94998956,0.0
229,0.97114754,0.0
230,0.9878107,0.0
231,0.9489882,0.0
232,0.96688855,0.0
233,0.9397422,0.0
234,0.87695223,0.0
235,0.9093175,0.0
236,0.9881172,0.0
237,0.92131215,0.0
238,0.8411668,0.0
239,0.98414034,0.0
240,0.6207008,0.0
241,0.94291824,0.0
242,0.98770446,0.0
243,0.98747635,0.0
244,0.95582074,0.0
245,0.9396857,0.0
246,0.93362415,0.0
247,0.9000685,0.0
248,0.9763512,0.0
249,0.9882672,0.0
250,0.5923192,0.0
251,0.95353687,0.0
252,0.8275515,0.0
253,0.9846924,0.0
254,0.92757297,0.0
255,0.9880395,0.0
256,0.9861329,0.0
257,0.98818576,0.0
258,0.84117,0.0
259,0.91853535,0.0
260,0.9014216,0.0
261,0.97668064,0.0
262,0.9653459,0.0
263,0.98813915,0.0
264,0.97566444,0.0
265,0.97131044,0.0
266,0.9398907,0.0
267,0.9588078,0.0
268,0.96706265,0.0
269,0.9883471,0.0
270,0.9348808,0.0
271,0.93163985,0.0
272,0.9379682,0.0
273,0.90185124,0.0
274,0.96947217,0.0
275,0.9594205,0.0
276,0.8922009,0.0
277,0.92487097,0.0
278,0.9683844,0.0
279,0.9728011,0.0
280,0.90490305,0.0
281,0.660371,0.0
282,0.8589546,0.0
283,0.8903155,0.0
284,0.9576786,0.0
285,0.9883597,0.0
286,0.9878333,0.0
287,0.9784488,0.0
288,0.96669805,0.0
289,0.9305899,0.0
290,0.87748075,0.0
291,0.92346996,0.0
292,0.9205218,0.0
293,0.94546634,0.0
294,0.95383316,0.0
295,0.98092943,0.0
296,0.9497899,0.0
297,0.9315081,0.0
298,0.9782065,0.0
299,0.95441103,0.0
300,0.94574827,0.0
301,0.94085497,0.0
302,0.9826814,0.0
303,0.9414133,0.0
304,0.9300743,0.0
305,0.95575607,0.0
306,0.9380104,0.0
307,0.93539745,0.0
308,0.96647984,0.0
309,0.97835225,0.0
310,0.8241173,0.0
311,0.9266781,0.0
312,0.9145848,0.0
313,0.8620531,0.0
314,0.9859513,0.0
315,0.9770687,0.0
316,0.92115384,0.0
317,0.88732046,0.0
318,0.982221,0.0
319,0.9673824,0.0
320,0.9704806,0.0
321,0.9696881,0.0
322,0.97966605,0.0
323,0.9385713,0.0
324,0.9623092,0.0
325,0.9115986,0.0
326,0.9867513,0.0
327,0.93578416,0.0
328,0.9500303,0.0
329,0.92221767,0.0
330,0.97220874,0.0
331,0.94597965,0.0
332,0.57513255,0.0
333,0.89148146,0.0
334,0.969209,0.0
335,0.9850686,0.0
336,0.91504264,0.0
337,0.988225,0.0
338,0.9866354,0.0
339,0.97582424,0.0
340,0.9269393,0.0
341,0.9659807,0.0
342,0.92296916,0.0
343,0.60614914,0.0
344,0.9455462,0.0
345,0.987128,0.0
346,0.94357383,0.0
347,0.9397376,0.0
348,0.96515185,0.0
349,0.928482,0.0
350,0.6245899,0.0
351,0.9867769,0.0
352,0.9616641,0.0
353,0.97688687,0.0
354,0.9664006,0.0
355,0.8737665,0.0
356,0.88947207,0.0
357,0.98273975,0.0
358,0.96684045,0.0
359,0.9881986,0.0
360,0.6259563,0.0
361,0.9839677,0.0
362,0.98215294,0.0
363,0.97974914,0.0
364,0.9323815,0.0
365,0.9010255,0.0
366,0.98694766,0.0
367,0.9602498,0.0
368,0.9266576,0.0
369,0.9832937,0.0
370,0.9685748,0.0
371,0.9273355,0.0
372,0.98755777,0.0
373,0.9297149,0.0
374,0.9276167,0.0
375,0.96061915,0.0
376,0.9871636,0.0
377,0.9858222,0.0
378,0.98032624,0.0
379,0.52667433,0.0
380,0.677485,0.0
381,0.97786874,0.0
382,0.98837644,0.0
383,0.9489457,0.0
384,0.9735288,0.0
385,0.9672118,0.0
386,0.9600699,0.0
387,0.9485712,0.0
388,0.9645549,0.0
389,0.98466635,0.0
390,0.96145576,0.0
391,0.92196465,0.0
392,0.9740356,0.0
393,0.96970177,0.0
394,0.95420134,0.0
395,0.9482265,0.0
396,0.9570294,0.0
397,0.91023237,0.0
398,0.9806132,0.0
399,0.6006754,0.0
400,0.9627039,0.0
401,0.9084925,0.0
402,0.63062286,0.0
403,0.95294404,0.0
404,0.98002344,0.0
405,0.9071008,0.0
406,0.8557008,0.0
407,0.958402,0.0
408,0.93153465,0.0
409,0.97408116,0.0
410,0.96725184,0.0
411,0.95370007,0.0
412,0.9310081,0.0
413,0.89569646,0.0
414,0.8591397,0.0
415,0.97259647,0.0
416,0.82272625,0.0
417,0.9174346,0.0
418,0.9086997,0.0
419,0.9212525,0.0
420,0.88416463,0.0
421,0.949602,0.0
422,0.9634817,0.0
423,0.9882029,0.0
424,0.92771876,0.0
425,0.9836087,0.0
426,0.9256134,0.0
427,0.9832497,0.0
428,0.9798826,0.0
429,0.9880742,0.0
430,0.9499557,0.0
431,0.9624333,0.0
432,0.61273724,0.0
433,0.9745892,0.0
434,0.558884,0.0
435,0.98737687,0.0
436,0.662918,0.0
437,0.98725265,0.0
438,0.92512304,0.0
439,0.9882131,0.0
440,0.83460337,0.0
441,0.9643518,0.0
442,0.97851473,0.0
443,0.95650005,0.0
444,0.96548647,0.0
445,0.8522839,0.0
446,0.96403277,0.0
447,0.9325301,0.0
448,0.971975,0.0
449,0.8988956,0.0
450,0.9178979,0.0
451,0.9705314,0.0
452,0.9881612,0.0
453,0.90440315,0.0
454,0.88986593,0.0
455,0.9807608,0.0
456,0.9595693,0.0
457,0.9683216,0.0
458,0.9860996,0.0
459,0.9514152,0.0
460,0.8989813,0.0
461,0.9405194,0.0
462,0.9223561,0.0
463,0.986915,0.0
464,0.9870185,0.0
465,0.9716093,0.0
466,0.9642979,0.0
467,0.9794297,0.0
468,0.94000167,0.0
469,0.90028495,0.0
470,0.89992917,0.0
471,0.93217856,0.0
472,0.9870876,0.0
473,0.9598665,0.0
474,0.97744644,0.0
475,0.6337589,0.0
476,0.9802518,0.0
477,0.9263263,0.0
478,0.59133446,0.0
479,0.90968555,0.0
480,0.9735496,0.0
481,0.9880413,0.0
482,0.97549224,0.0
483,0.9849775,0.0
484,0.9424372,0.0
485,0.9366844,0.0
486,0.6463179,0.0
487,0.87730795,0.0
488,0.98330534,0.0
489,0.93763065,0.0
490,0.97956777,0.0
491,0.9355575,0.0
492,0.8813425,0.0
493,0.97127193,0.0
494,0.93533826,0.0
495,0.96240395,0.0
496,0.9804566,0.0
497,0.9301001,0.0
498,0.9832181,0.0
499,0.9529855,0.0
500,0.9794612,0.0
501,0.9215072,0.0
502,0.9360231,0.0
503,0.8876814,0.0
504,0.965584,0.0
505,0.9804619,0.0
506,0.9424629,0.0
507,0.9349729,0.0
508,0.90554476,0.0
509,0.9854827,0.0
510,0.63187295,0.0
511,0.95891285,0.0
512,0.92012626,0.0
513,0.9172441,0.0
514,0.98733956,0.0
515,0.97505814,0.0
516,0.8923706,0.0
517,0.9583135,0.0
518,0.9773098,0.0
519,0.8330125,0.0
520,0.9603999,0.0
521,0.9418225,0.0
522,0.88827896,0.0
523,0.9401055,0.0
524,0.9690543,0.0
525,0.62915796,0.0
526,0.92105323,0.0
527,0.88519144,0.0
528,0.9528979,0.0
529,0.98336715,0.0
530,0.96002126,0.0
531,0.9566578,0.0
532,0.9064955,0.0
533,0.94699955,0.0
534,0.9563445,0.0
535,0.95287526,0.0
536,0.9585437,0.0
537,0.890117,0.0
538,0.93561375,0.0
539,0.8775283,0.0
540,0.93886065,0.0
541,0.9319662,0.0
542,0.9824782,0.0
543,0.98069715,0.0
544,0.85761863,0.0
545,0.9419638,0.0
546,0.9443416,0.0
547,0.9880954,0.0
548,0.95609814,0.0
549,0.86974704,0.0
550,0.9871754,0.0
551,0.96238303,0.0
552,0.9788141,0.0
553,0.9777733,0.0
554,0.86775637,0.0
555,0.76888734,0.0
556,0.95942324,0.0
557,0.8958994,0.0
558,0.9415051,0.0
559,0.8996529,0.0
560,0.9391343,0.0
561,0.9163231,0.0
562,0.98812145,0.0
563,0.96725184,0.0
564,0.87612855,0.0
565,0.9817751,0.0
566,0.95630896,0.0
567,0.97030085,0.0
568,0.92151076,0.0
569,0.97691816,0.0
570,0.9716192,0.0
571,0.9781682,0.0
572,0.967467,0.0
573,0.9882298,0.0
574,0.8533017,0.0
575,0.9795596,0.0
576,0.88704765,0.0
577,0.98169315,0.0
578,0.9719079,0.0
579,0.9638979,0.0
580,0.9850694,0.0
581,0.97122276,0.0
582,0.9656904,0.0
583,0.930075,0.0
584,0.937679,0.0
585,0.9790789,0.0
586,0.8669667,0.0
587,0.9822949,0.0
588,0.9712904,0.0
589,0.93843883,0.0
590,0.97815067,0.0
591,0.92122424,0.0
592,0.85582554,0.0
593,0.96569675,0.0
594,0.98343396,0.0
595,0.9356459,0.0
596,0.97782785,0.0
597,0.85072994,0.0
598,0.96802276,0.0
599,0.98764056,0.0
600,0.9297669,0.0
601,0.93748385,0.0
602,0.9173079,0.0
603,0.9430229,0.0
604,0.9032103,0.0
605,0.9674791,0.0
606,0.9762853,0.0
607,0.9874879,0.0
608,0.9428506,0.0
609,0.96649104,0.0
610,0.62370867,0.0
611,0.90232766,0.0
612,0.8773468,0.0
613,0.98735857,0.0
614,0.9379077,0.0
615,0.9582757,0.0
616,0.955497,0.0
617,0.9592461,0.0
618,0.981101,0.0
619,0.96784854,0.0
620,0.9596938,0.0
621,0.9822425,0.0
622,0.9425019,0.0
623,0.91732305,0.0
624,0.9710966,0.0
625,0.89353174,0.0
626,0.96612614,0.0
627,0.6726668,0.0
628,0.8690803,0.0
629,0.92190945,0.0
630,0.9665251,0.0
631,0.9102726,0.0
632,0.9861339,0.0
633,0.9564991,0.0
634,0.9863292,0.0
635,0.98451304,0.0
636,0.9846317,0.0
637,0.8862713,0.0
638,0.9716373,0.0
639,0.93693656,0.0
640,0.9422254,0.0
641,0.9879656,0.0
642,0.98551905,0.0
643,0.9493001,0.0
644,0.9200218,0.0
645,0.96118814,0.0
646,0.89899623,0.0
647,0.9590746,0.0
648,0.95495886,0.0
649,0.96193415,0.0
650,0.97920316,0.0
651,0.9228368,0.0
652,0.97480255,0.0
653,0.9881637,0.0
654,0.9705804,0.0
655,0.90220225,0.0
656,0.9735127,0.0
657,0.91309166,0.0
658,0.96358436,0.0
659,0.90256447,0.0
660,0.9470222,0.0
661,0.95989835,0.0
662,0.8856101,0.0
663,0.969677,0.0
664,0.9585574,0.0
665,0.9737016,0.0
666,0.92260385,0.0
667,0.9324089,0.0
668,0.9460277,0.0
669,0.91481686,0.0
670,0.93539846,0.0
671,0.6060345,0.0
672,0.958567,0.0
673,0.8390637,0.0
674,0.8431773,0.0
675,0.9776216,0.0
676,0.9301578,0.0
677,0.9021634,0.0
678,0.98724204,0.0
679,0.95548654,0.0
680,0.9845729,0.0
681,0.8779511,0.0
682,0.9616607,0.0
683,0.985893,0.0
684,0.9796992,0.0
685,0.89586747,0.0
686,0.96593416,0.0
687,0.9541267,0.0
688,0.9105377,0.0
689,0.97022885,0.0
690,0.982034,0.0
691,0.9196351,0.0
692,0.9648461,0.0
693,0.9722273,0.0
694,0.95705724,0.0
695,0.9875656,0.0
696,0.98803884,0.0
697,0.9607604,0.0
698,0.9351138,0.0
699,0.9052623,0.0
700,0.97177225,0.0
701,0.96255076,0.0
702,0.6582552,0.0
703,0.93908066,0.0
704,0.8706267,0.0
705,0.9865777,0.0
706,0.85053915,0.0
707,0.8433235,0.0
708,0.9287082,0.0
709,0.92085797,0.0
710,0.9675285,0.0
711,0.9125488,0.0
712,0.93984264,0.0
713,0.91986257,0.0
714,0.96459556,0.0
715,0.84618443,0.0
716,0.94214505,0.0
717,0.9551358,0.0
718,0.98795575,0.0
719,0.98682725,0.0
720,0.9457088,0.0
721,0.9841208,0.0
722,0.9496682,0.0
723,0.97979015,0.0
724,0.9542839,0.0
725,0.8254712,0.0
726,0.9633673,0.0
727,0.8838111,0.0
728,0.9640311,0.0
729,0.9386774,0.0
730,0.9796352,0.0
731,0.9811387,0.0
732,0.93138695,0.0
733,0.9718396,0.0
734,0.88297737,0.0
735,0.909628,0.0
736,0.9461109,0.0
737,0.9845355,0.0
738,0.96789104,0.0
739,0.90849483,0.0
740,0.9829338,0.0
741,0.8960668,0.0
742,0.8646809,0.0
743,0.95984054,0.0
744,0.9086429,0.0
745,0.97058415,0.0
746,0.94865215,0.0
747,0.95812863,0.0
748,0.8410302,0.0
749,0.9774092,0.0
750,0.87267125,0.0
751,0.9202718,0.0
752,0.9819448,0.0
753,0.9570538,0.0
754,0.8959851,0.0
755,0.9880829,0.0
756,0.9882113,0.0
757,0.97131187,0.0
758,0.93121624,0.0
759,0.8929286,0.0
760,0.9679351,0.0
761,0.87756217,0.0
762,0.98832035,0.0
763,0.9170205,0.0
764,0.9344262,0.0
765,0.8644387,0.0
766,0.9563335,0.0
767,0.9314666,0.0
768,0.9656569,0.0
769,0.8666647,0.0
770,0.9740426,0.0
771,0.94143707,0.0
772,0.92909646,0.0
773,0.9859856,0.0
774,0.9702131,0.0
775,0.9001668,0.0
776,0.89987135,0.0
777,0.9827369,0.0
778,0.9732622,0.0
779,0.92682713,0.0
780,0.98821527,0.0
781,0.8604165,0.0
782,0.95389676,0.0
783,0.9838087,0.0
784,0.9435112,0.0
785,0.93673515,0.0
786,0.7887012,0.0
787,0.9727805,0.0
788,0.9841882,0.0
789,0.9389004,0.0
790,0.8855456,0.0
791,0.8868666,0.0
792,0.9816362,0.0
793,0.948389,0.0
794,0.9602185,0.0
795,0.94596153,0.0
796,0.9596226,0.0
797,0.9802075,0.0
798,0.953084,0.0
799,0.9641092,0.0
800,0.8991137,0.0
801,0.98646086,0.0
802,0.9459546,0.0
803,0.96676165,0.0
804,0.98813903,0.0
805,0.9525267,0.0
806,0.97044367,0.0
807,0.94893205,0.0
808,0.6494359,0.0
809,0.8789682,0.0
810,0.9675252,0.0
811,0.9653046,0.0
812,0.98784393,0.0
813,0.9778338,0.0
814,0.89318335,0.0
815,0.9882443,0.0
816,0.98356354,0.0
817,0.8685393,0.0
818,0.8947871,0.0
819,0.9881982,0.0
820,0.61300427,0.0
821,0.849979,0.0
822,0.9397346,0.0
823,0.9283212,0.0
824,0.9841264,0.0
825,0.8712669,0.0
826,0.98150885,0.0
827,0.9238435,0.0
828,0.92049086,0.0
829,0.8653728,0.0
830,0.9680701,0.0
831,0.95410854,0.0
832,0.98074687,0.0
833,0.90946585,0.0
834,0.9520339,0.0
835,0.9282141,0.0
836,0.9409029,0.0
837,0.9817504,0.0
838,0.8283683,0.0
839,0.95149165,0.0
840,0.98619986,0.0
841,0.94281346,0.0
842,0.9050971,0.0
843,0.98732483,0.0
844,0.8494663,0.0
845,0.69291407,0.0
846,0.8959928,0.0
847,0.9480225,0.0
848,0.9723395,0.0
849,0.9685665,0.0
850,0.8715168,0.0
851,0.94618905,0.0
852,0.9631566,0.0
853,0.90394473,0.0
854,0.902941,0.0
855,0.94358844,0.0
856,0.9801577,0.0
857,0.9305422,0.0
858,0.98753214,0.0
859,0.9018427,0.0
860,0.9472714,0.0
861,0.93622714,0.0
862,0.9674667,0.0
863,0.64758027,0.0
864,0.9050959,0.0
865,0.9141758,0.0
866,0.8742279,0.0
867,0.9708563,0.0
868,0.8552236,0.0
869,0.9853005,0.0
870,0.96890146,0.0
871,0.9674088,0.0
872,0.95363903,0.0
873,0.7613522,0.0
874,0.899444,0.0
875,0.98818773,0.0
876,0.91235214,0.0
877,0.9050489,0.0
878,0.96472895,0.0
879,0.9435525,0.0
880,0.82574093,0.0
881,0.9028028,0.0
882,0.906207,0.0
883,0.9722322,0.0
884,0.9529689,0.0
885,0.9469822,0.0
886,0.92965835,0.0
887,0.985487,0.0
888,0.9883125,0.0
889,0.98824024,0.0
890,0.9848186,0.0
891,0.88625985,0.0
892,0.90023255,0.0
893,0.9044908,0.0
894,0.9627082,0.0
895,0.8501726,0.0
896,0.9230525,0.0
897,0.90029556,0.0
898,0.95925456,0.0
899,0.85892373,0.0
900,0.8531254,0.0
901,0.92228615,0.0
902,0.94362295,0.0
903,0.97342736,0.0
904,0.9361096,0.0
905,0.8727713,0.0
906,0.9343105,0.0
907,0.86950356,0.0
908,0.8223845,0.0
909,0.79304355,0.0
910,0.93372315,0.0
911,0.8589828,0.0
912,0.9805852,0.0
913,0.9611933,0.0
914,0.98746383,0.0
915,0.98126674,0.0
916,0.97402465,0.0
917,0.9595975,0.0
918,0.9797971,0.0
919,0.9536208,0.0
920,0.8801915,0.0
921,0.95725626,0.0
922,0.924618,0.0
923,0.97805345,0.0
924,0.91079676,0.0
925,0.9880341,0.0
926,0.8633952,0.0
927,0.9339666,0.0
928,0.9571241,0.0
929,0.988038,0.0
930,0.86941856,0.0
931,0.98203063,0.0
932,0.94877374,0.0
933,0.9432415,0.0
934,0.84643227,0.0
935,0.8833036,0.0
936,0.9602713,0.0
937,0.90956384,0.0
938,0.98583114,0.0
939,0.98626757,0.0
940,0.96513987,0.0
941,0.8919749,0.0
942,0.87107694,0.0
943,0.92857885,0.0
944,0.9434379,0.0
945,0.92676556,0.0
946,0.96582204,0.0
947,0.94537824,0.0
948,0.88191885,0.0
949,0.96865547,0.0
950,0.9473694,0.0
951,0.9748616,0.0
952,0.9076917,0.0
953,0.988186,0.0
954,0.853432,0.0
955,0.98805714,0.0
956,0.91701525,0.0
957,0.9051537,0.0
958,0.91875535,0.0
959,0.9449324,0.0
960,0.9480335,0.0
961,0.96837175,0.0
962,0.76499784,0.0
963,0.98656225,0.0
964,0.97208524,0.0
965,0.97722477,0.0
966,0.8365551,0.0
967,0.94049984,0.0
968,0.9666809,0.0
969,0.9587596,0.0
970,0.9707787,0.0
971,0.98786324,0.0
972,0.8994347,0.0
973,0.9262429,0.0
974,0.9240654,0.0
975,0.9072667,0.0
976,0.90295225,0.0
977,0.89515805,0.0
978,0.9458587,0.0
979,0.98442143,0.0
980,0.95691293,0.0
981,0.91453946,0.0
982,0.88774216,0.0
983,0.97752595,0.0
984,0.98558354,0.0
985,0.94838744,0.0
986,0.9873174,0.0
987,0.93569404,0.0
988,0.87538004,0.0
989,0.928352,0.0
990,0.97072077,0.0
991,0.98662055,0.0
992,0.9831964,0.0
993,0.6465609,0.0
994,0.8426486,0.0
995,0.8277273,0.0
996,0.93652123,0.0
997,0.95728934,0.0
998,0.81353426,0.0
999,0.96145904,0.0
1000,0.51989925,0.0
1001,1.6830145,0.0
1002,-5.9285947e-05,0.0
1003,-0.00037406577,0.0
1004,0.000845861,0.0
1005,-7.663621e-05,0.0
1006,-0.00026165566,0.0
1007,0.0002783428,0.0
1008,0.00025920864,0.0
1009,-1.3350738e-05,0.0
1010,-4.179892e-07,0.0
1011,0.00017223202,0.0
1012,-8.3135266e-05,0.0
1013,0.0004313064,0.0
1014,-0.00030001943,0.0
1015,3.6598885e-05,0.0
1016,-0.0006510163,0.0
1017,-0.00026342738,0.0
1018,-0.00024706687,0.0
1019,-0.00020443715,0.0
1020,4.3135413e-05,0.0
1021,-1.5122583e-05,0.0
1022,-5.557644e-05,0.0
1023,0.00018089567,0.0
1024,0.00019782111,0.0
1025,0.00034260092,0.0
1026,-0.0003062616,0.0
1027,0.00023430673,0.0
1028,0.00027565483,0.0
1029,5.3963005e-05,0.0
1030,1.40714255e-05,0.0
1031,-0.00022000137,0.0
1032,-0.00012732025,0.0
1033,-8.889283e-05,0.0
1034,-7.063217e-05,0.0
1035,-0.00020545232,0.0
1036,-4.9797607e-05,0.0
1037,-2.572151e-05,0.0
1038,6.0262908e-05,0.0
1039,8.596267e-05,0.0
1040,-0.0002049077,0.0
1041,-0.00014374094,0.0
1042,-9.769908e-05,0.0
1043,-5.0424063e-05,0.0
1044,0.0003998142,0.0
1045,-0.00032591686,0.0
1046,0.00025311616,0.0
1047,-0.0002198768,0.0
1048,-0.00016526741,0.0
1049,5.493164e-05,0.0
1050,1.2508244e-05,0.0
1051,-3.984965e-05,0.0
1052,6.555269e-05,0.0
1053,0.00045064354,0.0
1054,4.08017e-05,0.0
1055,5.203429e-05,0.0
1056,0.00021098509,0.0
1057,-4.2067404e-05,0.0
1058,5.5807282e-05,0.0
1059,8.32331e-06,0.0
1060,3.284378e-05,0.0
1061,0.00012121683,0.0
1062,-7.3524316e-05,0.0
1063,-5.114529e-05,0.0
1064,-5.1103125e-05,0.0
1065,-0.00019520568,0.0
1066,-7.057292e-05,0.0
1067,2.0763564e-05,0.0
1068,-8.562009e-05,0.0
1069,0.00013818231,0.0
1070,-0.00034418056,0.0
1071,9.8511424e-05,0.0
1072,-0.00021851019,0.0
1073,-0.0002575959,0.0
1074,-0.00012476328,0.0
1075,5.793768e-05,0.0
1076,-0.00029456159,0.0
1077,-0.00034233858,0.0
1078,0.00044415548,0.0
1079,0.00019352093,0.0
1080,-2.9287017e-05,0.0
1081,-4.57424e-05,0.0
1082,0.00014120311,0.0
1083,0.0002246636,0.0
1084,0.00044786965,0.0
1085,-0.00026608387,0.0
1086,-2.8199644e-05,0.0
1087,-0.00035070936,0.0
1088,-0.00010603359,0.0
1089,-0.00015205487,0.0
1090,-5.9422608e-05,0.0
1091,-1.8267732e-05,0.0
1092,8.351062e-05,0.0
1093,0.00042927434,0.0
1094,-0.00020976466,0.0
1095,7.878314e-05,0.0
1096,-0.00011208253,0.0
1097,-0.00013114407,0.0
1098,-7.532862e-05,0.0
1099,0.000108747794,0.0
1100,0.0001008754,0.0
1101,-2.0638385e-05,0.0
1102,2.9438417e-05,0.0
1103,-0.00016889439,0.0
1104,-0.00012273996,0.0
1105,-0.00045897462,0.0
1106,-0.00023415846,0.0
1107,-1.3550853e-05,0.0
1108,0.00013528237,0.0
1109,0.00012383863,0.0
1110,-0.00016596373,0.0
1111,6.208248e-05,0.0
1112,-0.00012814607,0.0
1113,-0.00019164414,0.0
1114,-0.00016688024,0.0
1115,-3.535001e-05,0.0
1116,0.00028037257,0.0
1117,0.000966312,0.0
1118,2.747025e-05,0.0
1119,3.922238e-05,0.0
1120,-0.0001717254,0.0
1121,-6.242894e-05,0.0
1122,0.00029867084,0.0
1123,-6.002233e-05,0.0
1124,6.733298e-05,0.0
1125,0.00013634897,0.0
1126,0.00053597905,0.0
1127,0.00039809,0.0
1128,-0.00034449954,0.0
1129,-3.47022e-05,0.0
1130,0.0003766457,0.0
1131,0.00028127243,0.0
1132,-0.0005328043,0.0
1133,0.00036888145,0.0
1134,7.54357e-05,0.0
1135,-2.552701e-05,0.0
1136,-0.00017331706,0.0
1137,0.00020796656,0.0
1138,9.174564e-05,0.0
1139,-0.00036733673,0.0
1140,0.00036634368,0.0
1141,0.00011913912,0.0
1142,1.2840854e-05,0.0
1143,0.00010478612,0.0
1144,-2.5951129e-05,0.0
1145,0.00049531553,0.0
1146,-0.00015980487,0.0
1147,-3.6154033e-05,0.0
1148,0.00038285152,0.0
1149,-0.00039846404,0.0
1150,0.00017293845,0.0
1151,-0.00018659206,0.0
1152,0.000496774,0.0
1153,8.237551e-05,0.0
1154,0.0001791536,0.0
1155,9.688432e-06,0.0
1156,-6.8172594e-05,0.0
1157,-0.00023849198,0.0
1158,-2.8416049e-05,0.0
1159,0.00016125757,0.0
1160,-0.00049094297,0.0
1161,0.00028382018,0.0
1162,-0.00023071788,0.0
1163,-1.1933153e-06,0.0
1164,0.0002491451,0.0
1165,-0.00026150697,0.0
1166,0.00014451027,0.0
1167,5.847284e-05,0.0
1168,-0.00011943467,0.0
1169,-0.00028061867,0.0
1170,-6.186706e-05,0.0
1171,0.0002014911,0.0
1172,-0.00012395717,0.0
1173,-0.00018279409,0.0
1174,-9.3905976e-05,0.0
1175,0.00025850502,0.0
1176,0.000114182985,0.0
1177,-0.00013494275,0.0
1178,-0.00015104533,0.0
1179,3.590901e-05,0.0
1180,0.000493805,0.0
1181,7.336361e-05,0.0
1182,2.7932027e-05,0.0
1183,-1.5826081e-05,0.0
1184,-4.686501e-05,0.0
1185,-0.0003008257,0.0
1186,3.833909e-05,0.0
1187,-0.00019969851,0.0
1188,-0.0001857012,0.0
1189,0.0001413675,0.0
1190,0.00032162835,0.0
1191,-0.0001261433,0.0
1192,-0.017104652,0.0
1193,-9.748743e-06,0.0
1194,4.0734278e-05,0.0
1195,0.00029307467,0.0
1196,-0.00045820276,0.0
1197,0.000103636834,0.0
1198,3.6082856e-05,0.0
1199,-0.00012644379,0.0
1200,0.000149358,0.0
1201,-5.567784e-05,0.0
1202,-0.00015332643,0.0
1203,0.00012097474,0.0
1204,-0.00010281128,0.0
1205,5.6612815e-05,0.0
1206,5.148474e-05,0.0
1207,-5.795288e-05,0.0
1208,0.00017620824,0.0
1209,7.605016e-05,0.0
1210,0.00027221857,0.0
1211,-5.2094e-05,0.0
1212,-6.827125e-05,0.0
1213,-3.1319847e-05,0.0
1214,0.00010407291,0.0
1215,-8.93851e-05,0.0
1216,-0.00026201434,0.0
1217,9.755255e-06,0.0
1218,-7.624571e-05,0.0
1219,-0.00028943171,0.0
1220,-0.00020667708,0.0
1221,-8.4760795e-05,0.0
1222,0.00022399295,0.0
1223,-0.00016272964,0.0
1224,-8.940041e-05,0.0
1225,-0.0005929372,0.0
1226,-0.014934881,0.0
1227,0.0001495015,0.0
1228,7.604722e-07,0.0
1229,0.00012562914,0.0
1230,0.0003399528,0.0
1231,0.00039005157,0.0
1232,-6.553625e-05,0.0
1233,0.00017322997,0.0
1234,0.00014786383,0.0
1235,6.330603e-05,0.0
1236,2.8214708e-07,0.0
1237,0.00025224593,0.0
1238,0.00011073386,0.0
1239,-0.00062792224,0.0
1240,0.00025783645,0.0
1241,0.00022399068,0.0
1242,-0.0004297587,0.0
1243,-0.00013798082,0.0
1244,-0.00022598662,0.0
1245,9.1827875e-05,0.0
1246,-0.00010848003,0.0
1247,-0.00033994234,0.0
1248,2.5743448e-05,0.0
1249,-0.00022074673,0.0
1250,-0.0001295987,0.0
1251,-0.00011905382,0.0
1252,-0.0050921845,0.0
1253,1.35878945e-05,0.0
1254,0.0003276526,0.0
1255,-4.041296e-06,0.0
1256,0.000111699206,0.0
1257,4.269145e-05,0.0
1258,-3.2067983e-05,0.0
1259,9.2370945e-05,0.0
1260,-0.00036021383,0.0
1261,0.00026972915,0.0
1262,-8.106034e-05,0.0
1263,0.00037218042,0.0
1264,0.00013012147,0.0
1265,0.00040414045,0.0
1266,-8.8208755e-05,0.0
1267,0.00053375965,0.0
1268,-0.00064861216,0.0
1269,0.00026484395,0.0
1270,0.00025702533,0.0
1271,-0.00029332432,0.0
1272,0.00011338562,0.0
1273,5.2324773e-05,0.0
1274,1.7216586e-05,0.0
1275,6.176064e-05,0.0
1276,0.0004958636,0.0
1277,-0.00011309155,0.0
1278,-0.00028528666,0.0
1279,0.00014800612,0.0
1280,-0.00030420767,0.0
1281,0.00033155823,0.0
1282,0.000117931006,0.0
1283,8.435393e-05,0.0
1284,-0.0011093209,0.0
1285,-5.4038013e-05,0.0
1286,-0.00027153967,0.0
1287,0.00041984866,0.0
1288,0.00012793145,0.0
1289,0.0004257356,0.0
1290,1.5985544e-05,0.0
1291,-2.7656271e-05,0.0
1292,-0.00019483111,0.0
1293,-0.00015602441,0.0
1294,0.00058854336,0.0
1295,0.00041390595,0.0
1296,7.1572555e-05,0.0
1297,-0.00014807438,0.0
1298,8.494307e-05,0.0
1299,-3.4176686e-05,0.0
1300,-0.00027316413,0.0
1301,0.00037023047,0.0
1302,0.00043665408,0.0
1303,-2.4050823e-05,0.0
1304,0.00016254351,0.0
1305,-3.1077172e-05,0.0
1306,2.9401432e-05,0.0
1307,-0.0001689111,0.0
1308,0.00074762345,0.0
1309,-0.0002441822,0.0
1310,4.4843873e-05,0.0
1311,7.423391e-05,0.0
1312,6.0858656e-06,0.0
1313,0.0005407023,0.0
1314,-1.8599734e-05,0.0
1315,0.0005851133,0.0
1316,-8.812272e-05,0.0
1317,-4.327445e-06,0.0
1318,-4.6510104e-06,0.0
1319,-0.00051017274,0.0
1320,0.00012899391,0.0
1321,0.00016970566,0.0
1322,0.0002510774,0.0
1323,5.245262e-05,0.0
1324,-0.00030377205,0.0
1325,3.41938e-05,0.0
1326,0.00089997076,0.0
1327,0.0003373846,0.0
1328,-0.00018882164,0.0
1329,-6.079659e-06,0.0
1330,0.00023890867,0.0
1331,-0.00057940814,0.0
1332,5.8791444e-05,0.0
1333,0.00021441109,0.0
1334,-0.0011670019,0.0
1335,8.34846e-05,0.0
1336,-0.00012628049,0.0
1337,0.00012951839,0.0
1338,-3.0909585e-05,0.0
1339,-0.00015813897,0.0
1340,-9.7874814e-05,0.0
1341,9.9404075e-05,0.0
1342,0.00071873324,0.0
1343,-0.00016076223,0.0
1344,-0.00010167372,0.0
1345,4.5472916e-06,0.0
1346,-9.467049e-05,0.0
1347,0.00023664528,0.0
1348,0.00010581021,0.0
1349,8.873971e-05,0.0
1350,7.3902265e-06,0.0
1351,3.4321645e-05,0.0
1352,-0.00021567392,0.0
1353,-5.7771103e-07,0.0
1354,0.00027755625,0.0
1355,0.00031058388,0.0
1356,3.5402496e-05,0.0
1357,-0.00015116988,0.0
1358,-0.00018754695,0.0
1359,-0.00022251513,0.0
1360,-0.0001626217,0.0
1361,-0.0001677085,0.0
1362,-0.0006181473,0.0
1363,0.000506676,0.0
1364,-0.0006215287,0.0
1365,6.271702e-05,0.0
1366,-8.00374e-05,0.0
1367,0.0004037384,0.0
1368,9.233202e-05,0.0
1369,1.667314e-05,0.0
1370,-0.00037075745,0.0
1371,0.00025865913,0.0
1372,2.6160229e-05,0.0
1373,0.0003393076,0.0
1374,0.0002907037,0.0
1375,0.0001505423,0.0
1376,7.713887e-05,0.0
1377,-7.159659e-05,0.0
1378,-0.000113150476,0.0
1379,0.00012894854,0.0
1380,2.7520611e-05,0.0
1381,-0.05289775,0.0
1382,-0.0002627503,0.0
1383,0.00017561368,0.0
1384,0.00017286208,0.0
1385,0.00011183621,0.0
1386,-0.00016300284,0.0
1387,-0.0002117135,0.0
1388,0.0001039456,0.0
1389,-3.9390718e-05,0.0
1390,-7.931853e-05,0.0
1391,7.531507e-05,0.0
1392,-9.7361255e-05,0.0
1393,0.0002504498,0.0
1394,-0.000104192,0.0
1395,-9.627378e-05,0.0
1396,0.00011543219,0.0
1397,0.0005072331,0.0
1398,-9.015084e-05,0.0
1399,0.0001310057,0.0
1400,1.0803778e-06,0.0
1401,-0.008418528,0.0
1402,3.30958e-05,0.0
1403,-6.636706e-05,0.0
1404,-0.00011640148,0.0
1405,-9.2987015e-05,0.0
1406,-0.00031362596,0.0
1407,-0.00012172514,0.0
1408,0.00041679936,0.0
1409,0.0002547164,0.0
1410,1.977454e-05,0.0
1411,0.00030571775,0.0
1412,2.9146482e-05,0.0
1413,0.00046242512,0.0
1414,-7.227676e-05,0.0
1415,-6.907254e-05,0.0
1416,5.2663803e-05,0.0
1417,0.00018857542,0.0
1418,0.0001032953,0.0
1419,-0.00010436557,0.0
1420,5.5081895e-05,0.0
1421,0.00014282009,0.0
1422,-0.0011269267,0.0
1423,-0.00025793607,0.0
1424,5.710627e-05,0.0
1425,-0.0001304407,0.0
1426,-0.0001227029,0.0
1427,7.890549e-05,0.0
1428,-8.850583e-06,0.0
1429,-0.00013724246,0.0
1430,-0.00029639454,0.0
1431,-0.00019220245,0.0
1432,-0.00048169523,0.0
1433,-1.455327e-05,0.0
1434,-0.011721974,0.0
1435,0.00036114105,0.0
1436,-0.016048538,0.0
1437,3.1265838e-05,0.0
1438,0.00012382923,0.0
1439,-6.56047e-05,0.0
1440,0.0003046412,0.0
1441,8.7627006e-05,0.0
1442,0.00019431912,0.0
1443,-8.542739e-05,0.0
1444,-0.00015712931,0.0
1445,-0.00010727003,0.0
1446,-0.0002804932,0.0
1447,-0.00023727039,0.0
1448,-0.00034320942,0.0
1449,0.00013264774,0.0
1450,0.000405316,0.0
1451,0.00010723894,0.0
1452,0.0002533464,0.0
1453,-0.00016439294,0.0
1454,2.1765409e-06,0.0
1455,-0.0006359106,0.0
1456,0.0002519457,0.0
1457,0.00024471007,0.0
1458,0.00028955666,0.0
1459,-1.0144395e-05,0.0
1460,0.00010039642,0.0
1461,0.00014152622,0.0
1462,0.00034929652,0.0
1463,-0.00011936731,0.0
1464,3.4629928e-05,0.0
1465,7.332389e-05,0.0
1466,0.00013917097,0.0
1467,2.2526452e-05,0.0
1468,-0.00043729544,0.0
1469,-0.0001415724,0.0
1470,2.0894175e-05,0.0
1471,6.821886e-05,0.0
1472,0.0005350898,0.0
1473,-0.0003396992,0.0
1474,0.00022368919,0.0
1475,0.00022051111,0.0
1476,7.751152e-05,0.0
1477,-0.00016237222,0.0
1478,1.7497881e-05,0.0
1479,-3.967299e-05,0.0
1480,-0.01600597,0.0
1481,0.00022902741,0.0
1482,0.00021953625,0.0
1483,-0.00022471801,0.0
1484,4.9317245e-05,0.0
1485,-3.9475693e-05,0.0
1486,-0.00038452548,0.0
1487,-0.00044328102,0.0
1488,-0.00031607153,0.0
1489,-6.5360255e-06,0.0
1490,9.336602e-05,0.0
1491,-6.915565e-06,0.0
1492,-0.00015889929,0.0
1493,0.0004958489,0.0
1494,0.00017321281,0.0
1495,9.2677685e-05,0.0
1496,0.00018572016,0.0
1497,0.00011677895,0.0
1498,0.00043851355,0.0
1499,-0.00064337975,0.0
1500,0.00017712808,0.0
1501,0.00014659997,0.0
1502,0.000100242236,0.0
1503,-0.0002691221,0.0
1504,-1.5941449e-05,0.0
1505,0.00020990107,0.0
1506,-0.0001276005,0.0
1507,0.00010651014,0.0
1508,-0.00021731993,0.0
1509,-3.6233057e-05,0.0
1510,2.3113967e-05,0.0
1511,0.00023828162,0.0
1512,-0.00031330364,0.0
1513,-0.00024597632,0.0
1514,-0.00054952124,0.0
1515,-1.1350974e-05,0.0
1516,-5.178852e-06,0.0
1517,-5.060579e-05,0.0
1518,0.00023861814,0.0
1519,0.00024521773,0.0
1520,0.00011093303,0.0
1521,-0.00027234855,0.0
1522,0.00012560101,0.0
1523,-0.0004517431,0.0
1524,-2.3175948e-05,0.0
1525,-0.000407414,0.0
1526,-0.00036349753,0.0
1527,-0.00018671503,0.0
1528,0.00016829206,0.0
1529,-9.924687e-05,0.0
1530,0.00013174032,0.0
1531,0.0005574959,0.0
1532,3.3156513e-05,0.0
1533,0.00039881608,0.0
1534,0.00018954567,0.0
1535,0.00023366189,0.0
1536,9.114568e-05,0.0
1537,0.00036978154,0.0
1538,-0.00013003443,0.0
1539,8.760985e-05,0.0
1540,-0.00015696799,0.0
1541,0.0003390131,0.0
1542,-0.00010407744,0.0
1543,-5.2343268e-05,0.0
1544,5.149903e-05,0.0
1545,0.00014854231,0.0
1546,-0.0004093887,0.0
1547,-1.6415594e-05,0.0
1548,0.0003433684,0.0
1549,0.0002983162,0.0
1550,-2.914932e-05,0.0
1551,-0.00015808882,0.0
1552,3.345718e-05,0.0
1553,-3.1973017e-05,0.0
1554,-0.00016836416,0.0
1555,-0.00024087324,0.0
1556,-7.264831e-05,0.0
1557,-0.00028841215,0.0
1558,-3.2533735e-05,0.0
1559,-0.00036405382,0.0
1560,-1.3300789e-05,0.0
1561,-3.682213e-05,0.0
1562,0.00024336201,0.0
1563,2.5769652e-05,0.0
1564,-7.992243e-05,0.0
1565,0.00018245235,0.0
1566,6.56741e-05,0.0
1567,-7.9368336e-05,0.0
1568,-0.000121831945,0.0
1569,-8.426719e-05,0.0
1570,0.00042711143,0.0
1571,-6.757114e-05,0.0
1572,-7.657404e-05,0.0
1573,0.0002515751,0.0
1574,-0.00011797162,0.0
1575,-3.6538346e-05,0.0
1576,-0.00030087112,0.0
1577,-3.3280376e-06,0.0
1578,0.0003352402,0.0
1579,1.22192e-05,0.0
1580,0.00014187947,0.0
1581,-8.180313e-05,0.0
1582,9.068911e-05,0.0
1583,0.00013010866,0.0
1584,0.00029707846,0.0
1585,8.877831e-05,0.0
1586,-0.00029209186,0.0
1587,2.5797352e-05,0.0
1588,0.00024404476,0.0
1589,6.4290114e-05,0.0
1590,0.00035814958,0.0
1591,-0.000108432614,0.0
1592,0.00013383226,0.0
1593,-8.360224e-05,0.0
1594,2.0655687e-05,0.0
1595,0.00014801824,0.0
1596,1.8318264e-05,0.0
1597,0.00014522893,0.0
1598,6.2910614e-05,0.0
1599,2.116531e-05,0.0
1600,-0.00020193281,0.0
1601,0.00018267133,0.0
1602,8.330452e-05,0.0
1603,0.00016936645,0.0
1604,-0.0003074042,0.0
1605,-8.458737e-07,0.0
1606,0.00049705897,0.0
1607,0.00033790804,0.0
1608,-3.8698345e-06,0.0
1609,-0.000119550066,0.0
1610,-9.452045e-05,0.0
1611,0.0001682571,0.0
1612,-0.00034299234,0.0
1613,-3.87896e-05,0.0
1614,-0.0010472389,0.0
1615,-8.3273924e-05,0.0
1616,-0.000287747,0.0
1617,-0.00012635783,0.0
1618,-0.00052794546,0.0
1619,0.00023464988,0.0
1620,0.00014239168,0.0
1621,-0.00015656558,0.0
1622,0.00042843024,0.0
1623,-0.00023079044,0.0
1624,-0.00012865636,0.0
1625,-0.00014680171,0.0
1626,-7.483052e-05,0.0
1627,-3.258165e-05,0.0
1628,-6.486061e-05,0.0
1629,3.2456912e-05,0.0
1630,-0.00076958525,0.0
1631,-0.00018790989,0.0
1632,0.0005113657,0.0
1633,4.5074426e-05,0.0
1634,-0.00021544218,0.0
1635,0.0002660562,0.0
1636,-0.00016395934,0.0
1637,-0.00023098922,0.0
1638,0.00028246775,0.0
1639,-0.000410835,0.0
1640,-8.967605e-05,0.0
1641,-0.000117224634,0.0
1642,-9.253057e-06,0.0
1643,0.00013238055,0.0
1644,-0.00024382284,0.0
1645,0.00039490705,0.0
1646,-0.000721336,0.0
1647,-2.435931e-05,0.0
1648,0.00030835837,0.0
1649,-0.00011362754,0.0
1650,0.00015954277,0.0
1651,-0.00019892782,0.0
1652,-0.00036301196,0.0
1653,0.0005018241,0.0
1654,0.00026300098,0.0
1655,0.00011426192,0.0
1656,8.260278e-05,0.0
1657,0.0003626165,0.0
1658,4.7163958e-05,0.0
1659,-5.591328e-06,0.0
1660,-0.00040524863,0.0
1661,5.1474017e-05,0.0
1662,-0.00018414014,0.0
1663,-0.0003313595,0.0
1664,8.131867e-05,0.0
1665,0.00013866561,0.0
1666,1.890555e-05,0.0
1667,-5.0297604e-05,0.0
1668,-3.5874837e-06,0.0
1669,-0.00016516761,0.0
1670,0.00015890134,0.0
1671,0.00011445675,0.0
1672,4.296831e-05,0.0
1673,-0.00020027692,0.0
1674,0.0005316526,0.0
1675,-0.0005413004,0.0
1676,0.0005983879,0.0
1677,-0.00013726825,0.0
1678,-0.000223131,0.0
1679,6.818402e-05,0.0
1680,-5.0773364e-05,0.0
1681,-0.00022901782,0.0
1682,8.5592896e-05,0.0
1683,0.00046074693,0.0
1684,3.9872946e-05,0.0
1685,-2.5817204e-05,0.0
1686,-7.720378e-05,0.0
1687,-0.00021563223,0.0
1688,0.0002645336,0.0
1689,-0.0001373539,0.0
1690,-0.00019618236,0.0
1691,-0.00016918886,0.0
1692,6.865967e-05,0.0
1693,0.00013718466,0.0
1694,0.00017206022,0.0
1695,2.0765729e-06,0.0
1696,0.00010991509,0.0
1697,0.00059321907,0.0
1698,6.561875e-05,0.0
1699,9.648646e-05,0.0
1700,-0.000117633244,0.0
1701,-0.00020237699,0.0
1702,0.00014484896,0.0
1703,-0.0004577171,0.0
1704,-0.00028810403,0.0
1705,9.495104e-05,0.0
1706,3.60392e-05,0.0
1707,4.311117e-05,0.0
1708,-0.00048059376,0.0
1709,0.00015045352,0.0
1710,0.00024188438,0.0
1711,0.0003088968,0.0
1712,0.00033664657,0.0
1713,-6.966744e-05,0.0
1714,-6.125564e-05,0.0
1715,-0.0001233429,0.0
1716,-0.00014538514,0.0
1717,-0.00025584528,0.0
1718,0.00014958208,0.0
1719,9.594941e-05,0.0
1720,0.00018447015,0.0
1721,0.0002201585,0.0
1722,3.050165e-06,0.0
1723,-5.4096163e-06,0.0
1724,1.5427511e-05,0.0
1725,5.639103e-05,0.0
1726,-0.00036219886,0.0
1727,9.597666e-05,0.0
1728,-0.00039435798,0.0
1729,-6.414174e-05,0.0
1730,0.00049306906,0.0
1731,-0.00039335352,0.0
1732,0.00032506746,0.0
1733,9.8915974e-05,0.0
1734,-3.0480427e-05,0.0
1735,0.00011205248,0.0
1736,-5.178262e-05,0.0
1737,-0.00014880102,0.0
1738,0.0003289598,0.0
1739,-0.00044034934,0.0
1740,-0.00015841753,0.0
1741,-0.00057229283,0.0
1742,2.2773638e-05,0.0
1743,0.00024017761,0.0
1744,0.00022759428,0.0
1745,0.00018488031,0.0
1746,9.797866e-05,0.0
1747,0.00015083016,0.0
1748,3.29107e-05,0.0
1749,0.00021014428,0.0
1750,-0.000105010375,0.0
1751,-2.1276646e-05,0.0
1752,-0.0004568722,0.0
1753,-5.5194832e-05,0.0
1754,8.773824e-05,0.0
1755,0.00012691149,0.0
1756,0.0002962419,0.0
1757,-0.00012685575,0.0
1758,5.1037154e-05,0.0
1759,-5.350583e-06,0.0
1760,-0.0004688173,0.0
1761,-0.00038966595,0.0
1762,0.00019055666,0.0
1763,-0.00024477812,0.0
1764,0.0002729801,0.0
1765,-0.0003111538,0.0
1766,6.666124e-05,0.0
1767,0.00064646365,0.0
1768,-9.515451e-05,0.0
1769,0.00021534023,0.0
1770,6.697765e-05,0.0
1771,0.000512955,0.0
1772,4.2503165e-05,0.0
1773,0.00010164671,0.0
1774,0.0001397905,0.0
1775,-0.00036708027,0.0
1776,3.398955e-05,0.0
1777,-4.589509e-05,0.0
1778,0.00025525354,0.0
1779,-0.00026662365,0.0
1780,0.00026981276,0.0
1781,0.0005562323,0.0
1782,-0.0001245485,0.0
1783,0.00021565983,0.0
1784,-0.00025777286,0.0
1785,0.00010572111,0.0
1786,-0.00020847215,0.0
1787,5.288815e-05,0.0
1788,0.0004814816,0.0
1789,-0.0001275891,0.0
1790,7.736293e-06,0.0
1791,0.0010755887,0.0
1792,0.00016118342,0.0
1793,-0.00010894167,0.0
1794,-0.00016018254,0.0
1795,-0.00016121902,0.0
1796,-0.00020689947,0.0
1797,7.9591875e-05,0.0
1798,0.000120441575,0.0
1799,-5.5749162e-05,0.0
1800,0.0001357331,0.0
1801,-0.00035174086,0.0
1802,-3.9503793e-05,0.0
1803,0.00016651863,0.0
1804,0.00014175523,0.0
1805,0.0001160603,0.0
1806,6.651876e-05,0.0
1807,-0.000192665,0.0
1808,-0.00051249005,0.0
1809,-0.0008051559,0.0
1810,-1.9947911e-05,0.0
1811,-0.00043811416,0.0
1812,-0.0003142921,0.0
1813,0.00045899,0.0
1814,-4.7187816e-05,0.0
1815,-1.9929445e-05,0.0
1816,0.00039504172,0.0
1817,-0.00015395845,0.0
1818,-2.0222782e-05,0.0
1819,3.3631288e-05,0.0
1820,-2.5798741e-05,0.0
1821,1.8086284e-06,0.0
1822,-0.00028218413,0.0
1823,-0.0005012939,0.0
1824,-6.541971e-05,0.0
1825,-4.720676e-06,0.0
1826,-0.00025703234,0.0
1827,0.0002805395,0.0
1828,-0.00016606366,0.0
1829,0.00020472019,0.0
1830,0.0001866227,0.0
1831,0.00014495164,0.0
1832,-0.000102592065,0.0
1833,0.00015755779,0.0
1834,-1.7482225e-06,0.0
1835,-0.00044232846,0.0
1836,1.6650782e-05,0.0
1837,0.0005325349,0.0
1838,2.87112e-05,0.0
1839,-1.4836252e-05,0.0
1840,-0.00021991125,0.0
1841,0.0005100907,0.0
1842,5.602411e-05,0.0
1843,0.00029292196,0.0
1844,5.69251e-05,0.0
1845,7.068067e-05,0.0
1846,0.00083388865,0.0
1847,-0.000107051375,0.0
1848,6.6829714e-05,0.0
1849,-0.00013533089,0.0
1850,0.00012265994,0.0
1851,-0.0004896494,0.0
1852,1.9350511e-05,0.0
1853,-9.032644e-05,0.0
1854,-0.00020190446,0.0
1855,2.6725127e-05,0.0
1856,3.640131e-05,0.0
1857,0.00037832282,0.0
1858,-9.034784e-05,0.0
1859,-2.7352507e-06,0.0
1860,0.000122009595,0.0
1861,3.291411e-05,0.0
1862,-0.000542759,0.0
1863,-0.00030902206,0.0
1864,0.00030977948,0.0
1865,-0.02265869,0.0
1866,-5.4041215e-05,0.0
1867,4.78042e-05,0.0
1868,-4.296674e-05,0.0
1869,-0.0001170567,0.0
1870,0.00023739313,0.0
1871,0.00015867854,0.0
1872,-0.00011614429,0.0
1873,0.0003962255,0.0
1874,6.1572806e-05,0.0
1875,0.00020088996,0.0
1876,-0.00043368692,0.0
1877,-0.00028525968,0.0
1878,0.0001046163,0.0
1879,-0.00035021373,0.0
1880,1.9757892e-05,0.0
1881,0.00013819769,0.0
1882,0.0012567515,0.0
1883,0.00019584881,0.0
1884,4.6348345e-05,0.0
1885,-0.00014022368,0.0
1886,5.830628e-05,0.0
1887,7.338272e-05,0.0
1888,-2.0300256e-05,0.0
1889,-0.0003422586,0.0
1890,-6.0661776e-05,0.0
1891,2.789134e-05,0.0
1892,1.4560526e-05,0.0
1893,0.00032172273,0.0
1894,-0.0008319403,0.0
1895,-0.0009821313,0.0
1896,0.00011140906,0.0
1897,0.00010301567,0.0
1898,0.0005960755,0.0
1899,0.0002108766,0.0
1900,0.00019552397,0.0
1901,0.00031392643,0.0
1902,1.991837e-06,0.0
1903,4.2406304e-05,0.0
1904,0.0003412025,0.0
1905,-0.00015901297,0.0
1906,0.00094296073,0.0
1907,0.00022987182,0.0
1908,-5.994334e-05,0.0
1909,0.00016698305,0.0
1910,0.0026931243,0.0
1911,0.00013127948,0.0
1912,-0.00012103337,0.0
1913,-0.0001297096,0.0
1914,-0.00016728116,0.0
1915,-4.9967333e-05,0.0
1916,-0.00023963167,0.0
1917,-0.0004329118,0.0
1918,0.0001311571,0.0
1919,0.00025477808,0.0
1920,-5.319235e-05,0.0
1921,0.00017448817,0.0
1922,-0.0003978813,0.0
1923,7.217823e-05,0.0
1924,0.00011567745,0.0
1925,-0.00021368367,0.0
1926,8.6365035e-05,0.0
1927,3.2755925e-06,0.0
1928,-0.00032575338,0.0
1929,-1.0332602e-05,0.0
1930,0.0001985164,0.0
1931,-0.00044957804,0.0
1932,0.00038042848,0.0
1933,-3.9864746e-05,0.0
1934,1.2320386e-05,0.0
1935,7.915338e-05,0.0
1936,0.00063189556,0.0
1937,0.0004961871,0.0
1938,0.00013809581,0.0
1939,-0.0007678731,0.0
1940,9.2344846e-05,0.0
1941,-0.00015223544,0.0
1942,0.00016703882,0.0
1943,-0.00044771587,0.0
1944,-8.443222e-05,0.0
1945,0.00025247756,0.0
1946,5.7083933e-05,0.0
1947,-0.00072193507,0.0
1948,-8.0519567e-07,0.0
1949,-7.5719654e-06,0.0
1950,-0.0001394025,0.0
1951,0.00012522473,0.0
1952,0.00020641266,0.0
1953,9.083201e-05,0.0
1954,-0.0001637274,0.0
1955,3.279536e-05,0.0
1956,0.00028961478,0.0
1957,0.00024379003,0.0
1958,3.2184762e-06,0.0
1959,0.00013390131,0.0
1960,-0.00020706838,0.0
1961,0.00067368016,0.0
1962,0.0001822022,0.0
1963,-8.3790306e-05,0.0
1964,0.0005823298,0.0
1965,-6.8364294e-05,0.0
1966,2.2349901e-05,0.0
1967,0.00026333902,0.0
1968,-0.00010167532,0.0
1969,0.00013328085,0.0
1970,-0.0001919276,0.0
1971,5.386579e-05,0.0
1972,0.00016544701,0.0
1973,-6.585394e-05,0.0
1974,-3.6957084e-05,0.0
1975,-0.00017638708,0.0
1976,0.00037251753,0.0
1977,-7.5345124e-06,0.0
1978,0.0002757576,0.0
1979,-0.0001418779,0.0
1980,0.00030909752,0.0
1981,-0.00020343931,0.0
1982,-5.740533e-05,0.0
1983,-0.00014771182,0.0
1984,-2.4858069e-05,0.0
1985,0.00019456576,0.0
1986,0.0004223681,0.0
1987,-7.1973926e-05,0.0
1988,-2.7696991e-05,0.0
1989,-3.096771e-05,0.0
1990,-0.00012965225,0.0
1991,0.00013044907,0.0
1992,8.869868e-05,0.0
1993,9.189878e-05,0.0
1994,-0.00026361534,0.0
1995,7.4359006e-05,0.0
1996,0.0003537154,0.0
1997,-0.00046604508,0.0
1998,-0.00012462301,0.0
1999,-3.297464e-06,0.0
2000,0.00011119468,0.0
2001,0.0005699143,0.0
2002,-0.18615536,0.0
2003,0.26106888,0.0
2004,-0.22354779,0.0
2005,0.11818053,0.0
2006,0.023416584,0.0
2007,-0.1615359,0.0
2008,-0.12296804,0.0
2009,0.12194003,0.0
2010,0.1457799,0.0
2011,-0.08711354,0.0
2012,0.25459564,0.0
2013,-0.16130683,0.0
2014,0.21372324,0.0
2015,-0.00021132667,0.0
2016,0.08981084,0.0
2017,0.25517657,0.0
2018,0.11140752,0.0
2019,0.06719591,0.0
2020,-0.27476442,0.0
2021,0.09336383,0.0
2022,0.13729021,0.0
2023,-0.2656482,0.0
2024,-0.0404364,0.0
2025,-0.13582502,0.0
2026,0.21502925,0.0
2027,0.09195311,0.0
2028,0.017079854,0.0
2029,0.007720236,0.0
2030,0.35931277,0.0
2031,0.21856046,0.0
2032,-0.019672127,0.0
2033,-0.07075338,0.0
2034,-0.020107789,0.0
2035,-0.03209788,0.0
2036,-0.101437055,0.0
2037,-0.28515455,0.0
2038,-0.061713606,0.0
2039,0.020220803,0.0
2040,0.17678563,0.0
2041,0.19116563,0.0
2042,0.33089986,0.0
2043,0.32175186,0.0
2044,-0.080332674,0.0
2045,0.19640867,0.0
2046,-0.27210364,0.0
2047,0.040899556,0.0
2048,0.19206607,0.0
2049,0.19767347,0.0
2050,-0.16275752,0.0
2051,0.06829892,0.0
2052,0.13669097,0.0
2053,-0.17034428,0.0
2054,0.050287552,0.0
2055,-0.22514881,0.0
2056,-0.19387339,0.0
2057,-0.00023888242,0.0
2058,0.21272212,0.0
2059,-0.19961116,0.0
2060,0.0002524152,0.0
2061,0.028984856,0.0
2062,-0.19373117,0.0
2063,0.0752398,0.0
2064,0.16796674,0.0
2065,0.16865394,0.0
2066,-0.06240759,0.0
2067,-0.26353434,0.0
2068,-0.14887111,0.0
2069,-0.1499121,0.0
2070,0.17167544,0.0
2071,-0.05040684,0.0
2072,0.08475861,0.0
2073,0.121287785,0.0
2074,-0.25158012,0.0
2075,0.33463824,0.0
2076,0.3263452,0.0
2077,-0.040400025,0.0
2078,-0.20233068,0.0
2079,-0.0385087,0.0
2080,0.17371248,0.0
2081,-0.17780918,0.0
2082,0.15919672,0.0
2083,-0.14122337,0.0
2084,-0.03339972,0.0
2085,0.29923436,0.0
2086,0.13910371,0.0
2087,0.15582047,0.0
2088,0.19404796,0.0
2089,-0.13986625,0.0
2090,-0.083054796,0.0
2091,-0.16337289,0.0
2092,-0.12261423,0.0
2093,-0.095516644,0.0
2094,-0.049894724,0.0
2095,-0.0073707253,0.0
2096,-0.007038705,0.0
2097,0.1521517,0.0
2098,0.18830085,0.0
2099,-0.03390081,0.0
2100,-0.087557755,0.0
2101,-0.0056396164,0.0
2102,0.173506,0.0
2103,0.17240311,0.0
2104,0.06058279,0.0
2105,0.29220027,0.0
2106,-0.29355702,0.0
2107,0.15408695,0.0
2108,-0.17513941,0.0
2109,-0.29150593,0.0
2110,-0.07054048,0.0
2111,-0.26171458,0.0
2112,-0.14554518,0.0
2113,-0.23378192,0.0
2114,-0.25611046,0.0
2115,-0.22793974,0.0
2116,-0.09944923,0.0
2117,-0.21551111,0.0
2118,-0.13710289,0.0
2119,0.1578707,0.0
2120,-0.13252257,0.0
2121,0.19083238,0.0
2122,-0.06267052,0.0
2123,0.3263873,0.0
2124,0.16132095,0.0
2125,0.19511329,0.0
2126,-0.036567952,0.0
2127,-0.028445186,0.0
2128,0.1866291,0.0
2129,0.18530743,0.0
2130,-0.15599851,0.0
2131,-0.14349596,0.0
2132,0.17043336,0.0
2133,-0.0810003,0.0
2134,0.13098587,0.0
2135,-0.22277018,0.0
2136,-0.22715592,0.0
2137,0.16475634,0.0
2138,-0.19844368,0.0
2139,0.19878523,0.0
2140,-0.20310262,0.0
2141,0.2115913,0.0
2142,-0.06341931,0.0
2143,0.2065206,0.0
2144,8.548336e-05,0.0
2145,-0.12739848,0.0
2146,-0.19017847,0.0
2147,0.164186,0.0
2148,0.09536217,0.0
2149,0.115335494,0.0
2150,0.14904463,0.0
2151,0.32309505,0.0
2152,0.07203646,0.0
2153,0.20575064,0.0
2154,-0.11205259,0.0
2155,0.19574827,0.0
2156,-0.04457077,0.0
2157,-0.1087517,0.0
2158,0.20037155,0.0
2159,-0.03520569,0.0
2160,0.16693333,0.0
2161,-0.1693628,0.0
2162,-0.1356777,0.0
2163,0.16303906,0.0
2164,-0.28525433,0.0
2165,0.19873607,0.0
2166,-0.013579209,0.0
2167,-0.093929954,0.0
2168,0.22348729,0.0
2169,0.12760893,0.0
2170,0.19875574,0.0
2171,0.17098635,0.0
2172,-0.19831015,0.0
2173,0.1273499,0.0
2174,0.17732336,0.0
2175,-0.21265899,0.0
2176,-0.15484184,0.0
2177,0.28413263,0.0
2178,-0.16592644,0.0
2179,-0.11751903,0.0
2180,-0.13818078,0.0
2181,-0.10754417,0.0
2182,-0.14939432,0.0
2183,-0.23455355,0.0
2184,0.17991845,0.0
2185,-0.28758156,0.0
2186,0.13827196,0.0
2187,0.18194383,0.0
2188,0.18657821,0.0
2189,-0.112797216,0.0
2190,-0.14570485,0.0
2191,0.14653139,0.0
2192,0.504045,0.0
2193,-0.21587195,0.0
2194,-0.18978421,0.0
2195,-0.107544355,0.0
2196,0.13777336,0.0
2197,-0.09076165,0.0
2198,-0.14309037,0.0
2199,0.19395562,0.0
2200,-0.108594164,0.0
2201,-0.10064442,0.0
2202,0.28621826,0.0
2203,-0.18703198,0.0
2204,-0.13290076,0.0
2205,-0.11038139,0.0
2206,0.1314181,0.0
2207,-0.020405203,0.0
2208,-0.17794567,0.0
2209,-0.2362635,0.0
2210,0.00017586653,0.0
2211,-0.24389535,0.0
2212,0.062419545,0.0
2213,0.19390911,0.0
2214,-0.09689937,0.0
2215,0.10541972,0.0
2216,0.16037124,0.0
2217,0.05852497,0.0
2218,-0.16222616,0.0
2219,0.22635779,0.0
2220,-0.09713544,0.0
2221,0.12148491,0.0
2222,0.10138505,0.0
2223,-0.053546842,0.0
2224,0.46691215,0.0
2225,0.14923169,0.0
2226,0.4918441,0.0
2227,-0.18074502,0.0
2228,0.112719454,0.0
2229,-0.11154962,0.0
2230,0.15075187,0.0
2231,-0.1008851,0.0
2232,0.015044463,0.0
2233,-0.15266176,0.0
2234,0.11260104,0.0
2235,-0.16972719,0.0
2236,-0.2571355,0.0
2237,-0.21658926,0.0
2238,0.0076964293,0.0
2239,0.19959803,0.0
2240,-0.2956283,0.0
2241,-0.049615595,0.0
2242,0.46728417,0.0
2243,0.16410188,0.0
2244,-0.015437399,0.0
2245,0.023527866,0.0
2246,-0.1388513,0.0
2247,0.16981798,0.0
2248,-0.18011694,0.0
2249,0.22886324,0.0
2250,-0.08392286,0.0
2251,-8.493601e-05,0.0
2252,0.4845019,0.0
2253,-0.14371914,0.0
2254,-0.3089857,0.0
2255,-0.045695018,0.0
2256,-0.18990882,0.0
2257,-0.011313482,0.0
2258,0.03558571,0.0
2259,0.005309919,0.0
2260,0.2956396,0.0
2261,-0.20353428,0.0
2262,-0.22713819,0.0
2263,0.08285296,0.0
2264,0.11659074,0.0
2265,0.011078259,0.0
2266,-0.086308226,0.0
2267,-0.10050471,0.0
2268,0.16963309,0.0
2269,-0.13218683,0.0
2270,0.11210231,0.0
2271,5.287741e-05,0.0
2272,0.17815426,0.0
2273,-0.18335648,0.0
2274,0.17284188,0.0
2275,-0.22660775,0.0
2276,-0.10544587,0.0
2277,-0.13083842,0.0
2278,0.23888509,0.0
2279,-0.19402513,0.0
2280,0.10882239,0.0
2281,-0.09594347,0.0
2282,0.22253978,0.0
2283,0.44130743,0.0
2284,0.2772484,0.0
2285,0.2413555,0.0
2286,0.13479304,0.0
2287,-0.0032372796,0.0
2288,0.01477601,0.0
2289,-0.076725245,0.0
2290,0.11314099,0.0
2291,0.18506107,0.0
2292,-0.25648722,0.0
2293,0.19613703,0.0
2294,-0.20052233,0.0
2295,-0.15954143,0.0
2296,-0.14329346,0.0
2297,-0.065812625,0.0
2298,-0.1511309,0.0
2299,0.18356906,0.0
2300,0.07723908,0.0
2301,-0.1417702,0.0
2302,-0.15890491,0.0
2303,-0.16766182,0.0
2304,-0.057162248,0.0
2305,0.1667754,0.0
2306,0.18606897,0.0
2307,-0.13889864,0.0
2308,-0.17283016,0.0
2309,0.177213,0.0
2310,-0.11366441,0.0
2311,-0.076533,0.0
2312,-0.3122739,0.0
2313,-0.19131596,0.0
2314,0.2091584,0.0
2315,-0.2738058,0.0
2316,-0.036836512,0.0
2317,-0.08163199,0.0
2318,-0.1995342,0.0
2319,0.24492225,0.0
2320,-0.05965684,0.0
2321,-0.1113488,0.0
2322,-0.10270355,0.0
2323,-0.104816094,0.0
2324,0.071516946,0.0
2325,0.17178518,0.0
2326,-0.124335125,0.0
2327,-0.2133286,0.0
2328,-0.030511633,0.0
2329,-0.1765213,0.0
2330,-0.1506306,0.0
2331,0.19806483,0.0
2332,0.09751149,0.0
2333,-0.15837674,0.0
2334,0.4953728,0.0
2335,-0.23976448,0.0
2336,-0.10652344,0.0
2337,0.04400612,0.0
2338,-0.20852393,0.0
2339,-2.1160442e-05,0.0
2340,0.031660017,0.0
2341,-0.08581919,0.0
2342,-0.19077943,0.0
2343,-0.11497951,0.0
2344,-0.19691902,0.0
2345,0.47650376,0.0
2346,-0.15933041,0.0
2347,0.025642373,0.0
2348,-0.1629287,0.0
2349,0.16973732,0.0
2350,-0.1170879,0.0
2351,0.18841824,0.0
2352,0.46480882,0.0
2353,-0.029939419,0.0
2354,-0.1256007,0.0
2355,-0.082155235,0.0
2356,-0.11418851,0.0
2357,0.2608371,0.0
2358,0.24221334,0.0
2359,-0.057594452,0.0
2360,0.112828076,0.0
2361,6.6400615e-05,0.0
2362,0.46386823,0.0
2363,-0.05148517,0.0
2364,0.060484413,0.0
2365,0.07089218,0.0
2366,-0.18221104,0.0
2367,-0.22764437,0.0
2368,-0.02757847,0.0
2369,-0.12910436,0.0
2370,-0.1915115,0.0
2371,0.0542726,0.0
2372,-0.10794975,0.0
2373,-0.19021192,0.0
2374,-0.021608828,0.0
2375,-0.18644126,0.0
2376,-0.18975523,0.0
2377,-0.12801865,0.0
2378,-0.025300683,0.0
2379,-0.03848008,0.0
2380,-0.06865811,0.0
2381,0.519012,0.0
2382,0.42970946,0.0
2383,-0.07856094,0.0
2384,0.00030123902,0.0
2385,-0.15278563,0.0
2386,0.09345851,0.0
2387,-0.111740984,0.0
2388,-0.12938784,0.0
2389,0.15351745,0.0
2390,-0.118541084,0.0
2391,0.045867246,0.0
2392,-0.12622719,0.0
2393,0.19841595,0.0
2394,0.09184586,0.0
2395,0.1049183,0.0
2396,-0.14210261,0.0
2397,-0.15420006,0.0
2398,0.13618505,0.0
2399,-0.21544023,0.0
2400,-0.0673181,0.0
2401,0.47916752,0.0
2402,-0.12316355,0.0
2403,-0.21770458,0.0
2404,0.46094576,0.0
2405,0.14478983,0.0
2406,0.07004924,0.0
2407,0.21955054,0.0
2408,-0.2806245,0.0
2409,-0.1330696,0.0
2410,-0.18361388,0.0
2411,-0.091654286,0.0
2412,-0.11164408,0.0
2413,-0.14362143,0.0
2414,0.18440482,0.0
2415,-0.23445866,0.0
2416,-0.2769792,0.0
2417,-0.09647686,0.0
2418,0.31359628,0.0
2419,-0.20511973,0.0
2420,-0.21740071,0.0
2421,-0.1995041,0.0
2422,0.24907942,0.0
2423,0.15148504,0.0
2424,-0.121326,0.0
2425,0.00230805,0.0
2426,0.18962726,0.0
2427,-0.052504387,0.0
2428,-0.19284382,0.0
2429,0.054292824,0.0
2430,-0.070631,0.0
2431,-0.010008458,0.0
2432,0.15083292,0.0
2433,-0.12381418,0.0
2434,0.4715338,0.0
2435,-0.09015214,0.0
2436,0.50339806,0.0
2437,-0.023659667,0.0
2438,0.43961623,0.0
2439,-0.025478119,0.0
2440,-0.19361468,0.0
2441,-0.0025708359,0.0
2442,-0.3021383,0.0
2443,-0.11917778,0.0
2444,-0.07553745,0.0
2445,-0.13730939,0.0
2446,0.11630421,0.0
2447,0.28420484,0.0
2448,0.11992447,0.0
2449,0.18190949,0.0
2450,-0.09827347,0.0
2451,0.23041567,0.0
2452,-0.20445623,0.0
2453,0.102592796,0.0
2454,0.008280829,0.0
2455,0.22333841,0.0
2456,-0.24174899,0.0
2457,-0.06684082,0.0
2458,-0.13053477,0.0
2459,-0.108624026,0.0
2460,0.034935847,0.0
2461,-0.14795816,0.0
2462,-0.23037514,0.0
2463,-0.1683751,0.0
2464,0.19785747,0.0
2465,0.0282516,0.0
2466,-0.02743529,0.0
2467,-0.0993872,0.0
2468,0.11922332,0.0
2469,0.072493374,0.0
2470,0.16926114,0.0
2471,-0.22864251,0.0
2472,-0.22932044,0.0
2473,0.18246573,0.0
2474,-0.025406193,0.0
2475,-0.12986185,0.0
2476,-0.08002905,0.0
2477,0.4589233,0.0
2478,0.068756126,0.0
2479,0.1917871,0.0
2480,0.48430526,0.0
2481,-0.21604279,0.0
2482,0.09336549,0.0
2483,0.009984257,0.0
2484,0.08690854,0.0
2485,0.043855682,0.0
2486,0.16510186,0.0
2487,0.17504375,0.0
2488,0.45070952,0.0
2489,0.25675645,0.0
2490,-0.05397263,0.0
2491,0.1733945,0.0
2492,-0.0720272,0.0
2493,-0.17696373,0.0
2494,0.25201443,0.0
2495,-0.10045292,0.0
2496,-0.17729351,0.0
2497,0.123866476,0.0
2498,-0.068466775,0.0
2499,0.18591133,0.0
2500,-0.054651417,0.0
2501,-0.14473021,0.0
2502,0.07237847,0.0
2503,0.19896035,0.0
2504,-0.17623463,0.0
2505,-0.24440598,0.0
2506,-0.11630584,0.0
2507,-0.068089254,0.0
2508,0.16491054,0.0
2509,-0.17785367,0.0
2510,-0.22170818,0.0
2511,0.040883183,0.0
2512,0.4601413,0.0
2513,0.13198984,0.0
2514,0.20122536,0.0
2515,-0.20543927,0.0
2516,0.023062324,0.0
2517,0.08846754,0.0
2518,-0.23864798,0.0
2519,-0.13335691,0.0
2520,0.0807899,0.0
2521,0.30368236,0.0
2522,-0.12857129,0.0
2523,0.16615772,0.0
2524,0.2437097,0.0
2525,0.16908582,0.0
2526,0.10689317,0.0
2527,0.46188736,0.0
2528,0.19986947,0.0
2529,-0.24746081,0.0
2530,-0.14489882,0.0
2531,-0.054405693,0.0
2532,-0.129251,0.0
2533,-0.13724731,0.0
2534,-0.22043829,0.0
2535,-0.15650943,0.0
2536,-0.13767609,0.0
2537,-0.14492644,0.0
2538,0.13281147,0.0
2539,0.24141222,0.0
2540,-0.17678596,0.0
2541,-0.25649434,0.0
2542,-0.171329,0.0
2543,-0.18284914,0.0
2544,-0.05873842,0.0
2545,-0.066826314,0.0
2546,0.27866524,0.0
2547,0.16581573,0.0
2548,-0.16151041,0.0
2549,0.011261176,0.0
2550,-0.13819383,0.0
2551,-0.2653712,0.0
2552,-0.024997242,0.0
2553,0.12391635,0.0
2554,0.07478537,0.0
2555,0.07847437,0.0
2556,-0.26755738,0.0
2557,0.3610432,0.0
2558,-0.1307206,0.0
2559,0.23422056,0.0
2560,0.16662963,0.0
2561,-0.22943568,0.0
2562,-0.17079031,0.0
2563,-0.20669252,0.0
2564,0.0018273778,0.0
2565,-0.11163916,0.0
2566,0.2580936,0.0
2567,0.061471097,0.0
2568,0.13777533,0.0
2569,-0.10323478,0.0
2570,-0.19910434,0.0
2571,-0.08197444,0.0
2572,-0.09929676,0.0
2573,0.07727054,0.0
2574,-0.11106876,0.0
2575,-0.00010540136,0.0
2576,0.28314254,0.0
2577,0.071801245,0.0
2578,-0.24518684,0.0
2579,-0.061450373,0.0
2580,-0.09854157,0.0
2581,0.12018585,0.0
2582,-0.043124843,0.0
2583,-0.100533575,0.0
2584,-0.115830615,0.0
2585,0.18574946,0.0
2586,0.17344645,0.0
2587,-0.07362381,0.0
2588,-0.2684407,0.0
2589,0.05958724,0.0
2590,-0.10038498,0.0
2591,0.1720042,0.0
2592,-0.07714201,0.0
2593,0.19951938,0.0
2594,-0.28049788,0.0
2595,0.11566811,0.0
2596,0.05380277,0.0
2597,0.17675261,0.0
2598,0.07858869,0.0
2599,-0.28584445,0.0
2600,0.10961038,0.0
2601,0.01984572,0.0
2602,-0.18637282,0.0
2603,-0.17364936,0.0
2604,0.20529586,0.0
2605,0.16399074,0.0
2606,-0.22502305,0.0
2607,-0.110991694,0.0
2608,-0.08428302,0.0
2609,0.020935167,0.0
2610,-0.16413042,0.0
2611,0.11365622,0.0
2612,0.46536505,0.0
2613,0.22596987,0.0
2614,0.25679973,0.0
2615,0.02308211,0.0
2616,0.17288655,0.0
2617,0.13337311,0.0
2618,0.13945946,0.0
2619,0.13126698,0.0
2620,-0.06556354,0.0
2621,-0.11005937,0.0
2622,-0.13036521,0.0
2623,0.060179584,0.0
2624,0.16484797,0.0
2625,0.2052413,0.0
2626,0.10089727,0.0
2627,-0.237277,0.0
2628,-0.11458591,0.0
2629,0.43299684,0.0
2630,0.26609007,0.0
2631,-0.1985516,0.0
2632,-0.113703586,0.0
2633,0.2152696,0.0
2634,0.034836106,0.0
2635,-0.13737601,0.0
2636,0.033362485,0.0
2637,0.046976108,0.0
2638,0.04666052,0.0
2639,0.24612223,0.0
2640,0.09937072,0.0
2641,-0.17456585,0.0
2642,-0.16531886,0.0
2643,-0.011820649,0.0
2644,-0.04014462,0.0
2645,-0.15210621,0.0
2646,0.2013851,0.0
2647,-0.12680145,0.0
2648,-0.23033507,0.0
2649,0.13162772,0.0
2650,-0.14078785,0.0
2651,0.12499708,0.0
2652,0.073719785,0.0
2653,-0.19713762,0.0
2654,0.08988918,0.0
2655,0.0002513873,0.0
2656,0.1022229,0.0
2657,-0.22610839,0.0
2658,0.09371437,0.0
2659,0.211246,0.0
2660,0.12095631,0.0
2661,-0.22557116,0.0
2662,0.1564866,0.0
2663,0.12970376,0.0
2664,-0.24703331,0.0
2665,-0.10491323,0.0
2666,-0.13280967,0.0
2667,-0.09291732,0.0
2668,-0.19751345,0.0
2669,-0.1821514,0.0
2670,0.15836552,0.0
2671,-0.20881209,0.0
2672,-0.17718038,0.0
2673,0.47650573,0.0
2674,-0.13282008,0.0
2675,0.29772455,0.0
2676,-0.2936013,0.0
2677,0.07932479,0.0
2678,0.18571036,0.0
2679,0.22611798,0.0
2680,-0.02372994,0.0
2681,0.1394408,0.0
2682,-0.046481933,0.0
2683,-0.25598714,0.0
2684,-0.12557618,0.0
2685,-0.037504524,0.0
2686,0.07129738,0.0
2687,0.23423734,0.0
2688,0.11508639,0.0
2689,0.14235386,0.0
2690,0.21487181,0.0
2691,0.10344202,0.0
2692,0.060810044,0.0
2693,0.20187043,0.0
2694,-0.1179191,0.0
2695,-0.097551316,0.0
2696,-0.13615724,0.0
2697,0.021824287,0.0
2698,0.01092586,0.0
2699,-0.12777212,0.0
2700,0.17764801,0.0
2701,0.22201921,0.0
2702,0.09881326,0.0
2703,0.12378228,0.0
2704,0.44277024,0.0
2705,0.17087558,0.0
2706,-0.2643405,0.0
2707,-0.031479977,0.0
2708,0.28603756,0.0
2709,-0.29342714,0.0
2710,-0.18801917,0.0
2711,-0.20003621,0.0
2712,-0.110970445,0.0
2713,-0.21209082,0.0
2714,0.16955753,0.0
2715,0.2015043,0.0
2716,0.118596494,0.0
2717,0.29052037,0.0
2718,-0.16567487,0.0
2719,0.14021437,0.0
2720,0.012398093,0.0
2721,0.02984618,0.0
2722,0.15892945,0.0
2723,-0.051259696,0.0
2724,-0.15137203,0.0
2725,-0.07082016,0.0
2726,0.1420783,0.0
2727,-0.31097102,0.0
2728,0.12154649,0.0
2729,0.24911372,0.0
2730,-0.12010235,0.0
2731,0.17162761,0.0
2732,-0.071671546,0.0
2733,-0.06501389,0.0
2734,0.18388586,0.0
2735,-0.09866499,0.0
2736,-0.25009286,0.0
2737,-0.21610418,0.0
2738,-0.15820715,0.0
2739,0.04625297,0.0
2740,-0.10984292,0.0
2741,0.21770692,0.0
2742,0.05617886,0.0
2743,-0.23402986,0.0
2744,-0.27094692,0.0
2745,-0.12985268,0.0
2746,0.2174823,0.0
2747,0.10245802,0.0
2748,0.15334006,0.0
2749,-0.13371685,0.0
2750,0.29582074,0.0
2751,0.08062992,0.0
2752,0.26203823,0.0
2753,-0.20095192,0.0
2754,0.06102583,0.0
2755,-0.13592306,0.0
2756,-0.23418306,0.0
2757,-0.009738146,0.0
2758,0.0055822013,0.0
2759,-0.100218974,0.0
2760,0.18407841,0.0
2761,0.23800455,0.0
2762,-0.10997031,0.0
2763,0.25644097,0.0
2764,0.00033689244,0.0
2765,0.20569165,0.0
2766,0.17876866,0.0
2767,-0.27127185,0.0
2768,-0.13770723,0.0
2769,0.18365617,0.0
2770,0.115821384,0.0
2771,-0.26880223,0.0
2772,-0.09182071,0.0
2773,-0.16674265,0.0
2774,0.18738435,0.0
2775,0.03669209,0.0
2776,-0.10347439,0.0
2777,0.22874165,0.0
2778,-0.22912987,0.0
2779,-0.057753503,0.0
2780,-0.09476014,0.0
2781,-0.19100353,0.0
2782,-0.0001823539,0.0
2783,-0.27561665,0.0
2784,0.14291222,0.0
2785,0.050719183,0.0
2786,-0.16295561,0.0
2787,-0.17489833,0.0
2788,-0.34427017,0.0
2789,-0.09572294,0.0
2790,0.04905479,0.0
2791,-0.17169106,0.0
2792,0.24703242,0.0
2793,0.24543054,0.0
2794,0.0626638,0.0
2795,-0.15377992,0.0
2796,-0.12904254,0.0
2797,0.15845045,0.0
2798,0.13040617,0.0
2799,-0.068548866,0.0
2800,0.14448176,0.0
2801,0.119837634,0.0
2802,0.23012961,0.0
2803,-0.03287531,0.0
2804,-0.15854888,0.0
2805,-0.11298837,0.0
2806,-0.0021118578,0.0
2807,-0.14563577,0.0
2808,0.1030455,0.0
2809,0.1530008,0.0
2810,0.4486396,0.0
2811,0.25480697,0.0
2812,-0.110980526,0.0
2813,-0.116742805,0.0
2814,0.01482029,0.0
2815,-0.078598194,0.0
2816,-0.23755994,0.0
2817,-0.0031009505,0.0
2818,0.052907653,0.0
2819,0.26672035,0.0
2820,0.23563837,0.0
2821,0.00035666575,0.0
2822,0.47217074,0.0
2823,0.28662246,0.0
2824,0.1697467,0.0
2825,0.18865944,0.0
2826,0.04961429,0.0
2827,-0.26361328,0.0
2828,-0.06294335,0.0
2829,-0.19583362,0.0
2830,-0.20054315,0.0
2831,-0.27018145,0.0
2832,-0.10917946,0.0
2833,0.14235961,0.0
2834,-0.06645842,0.0
2835,0.21636723,0.0
2836,-0.14665292,0.0
2837,-0.18882193,0.0
2838,0.1676908,0.0
2839,0.062054712,0.0
2840,0.30823442,0.0
2841,-0.1478503,0.0
2842,-0.034789387,0.0
2843,-0.16439003,0.0
2844,-0.22216952,0.0
2845,-0.023414036,0.0
2846,-0.28720102,0.0
2847,0.418863,0.0
2848,-0.2341112,0.0
2849,-0.15458505,0.0
2850,0.097369164,0.0
2851,0.10830717,0.0
2852,0.26336604,0.0
2853,0.15809748,0.0
2854,0.122075014,0.0
2855,-0.22383814,0.0
2856,-0.22513609,0.0
2857,-0.16287461,0.0
2858,0.06949229,0.0
2859,-0.18513335,0.0
2860,0.020433834,0.0
2861,-0.2265693,0.0
2862,0.15608992,0.0
2863,0.17601247,0.0
2864,-0.1109595,0.0
2865,0.44914842,0.0
2866,-0.22224167,0.0
2867,0.20979157,0.0
2868,-0.26025054,0.0
2869,-0.10177123,0.0
2870,0.28112787,0.0
2871,0.040852353,0.0
2872,-0.10737096,0.0
2873,-0.11131104,0.0
2874,-0.14335242,0.0
2875,0.36717287,0.0
2876,0.22960183,0.0
2877,-0.0055957786,0.0
2878,0.2123881,0.0
2879,0.22235473,0.0
2880,0.11817801,0.0
2881,0.16287807,0.0
2882,-0.31075743,0.0
2883,-0.22529364,0.0
2884,-0.22077005,0.0
2885,-0.0975698,0.0
2886,-0.14466846,0.0
2887,-0.157016,0.0
2888,0.18651031,0.0
2889,0.040861476,0.0
2890,0.004675853,0.0
2891,0.0021543277,0.0
2892,0.0456916,0.0
2893,-0.24615431,0.0
2894,0.22869088,0.0
2895,0.22319655,0.0
2896,0.12312359,0.0
2897,-0.28640887,0.0
2898,-0.19693576,0.0
2899,0.22856021,0.0
2900,-0.13131018,0.0
2901,-0.27719975,0.0
2902,0.28332323,0.0
2903,0.19789009,0.0
2904,-0.16300923,0.0
2905,0.09376444,0.0
2906,-0.17661923,0.0
2907,-0.26199076,0.0
2908,0.17898147,0.0
2909,-0.26562074,0.0
2910,-0.31430468,0.0
2911,-0.34054357,0.0
2912,-0.17988437,0.0
2913,-0.2770444,0.0
2914,0.067448065,0.0
2915,-0.12673746,0.0
2916,-0.020384993,0.0
2917,0.06411505,0.0
2918,-0.091884695,0.0
2919,-0.13047409,0.0
2920,0.07088875,0.0
2921,-0.14342992,0.0
2922,0.25338206,0.0
2923,0.13567385,0.0
2924,-0.19442324,0.0
2925,0.07779815,0.0
2926,0.21442221,0.0
2927,-0.0054456913,0.0
2928,0.27238253,0.0
2929,-0.17956683,0.0
2930,-0.13597338,0.0
2931,0.01515655,0.0
2932,-0.26572022,0.0
2933,-0.06049965,0.0
2934,-0.15311657,0.0
2935,-0.16349527,0.0
2936,-0.29028586,0.0
2937,-0.24972056,0.0
2938,-0.12883973,0.0
2939,0.21623684,0.0
2940,0.038160536,0.0
2941,-0.033592857,0.0
2942,-0.11702296,0.0
2943,0.23917222,0.0
2944,0.26379344,0.0
2945,-0.18826644,0.0
2946,-0.163174,0.0
2947,0.19117235,0.0
2948,0.11536279,0.0
2949,0.15948783,0.0
2950,-0.2513386,0.0
2951,-0.10824573,0.0
2952,-0.15588476,0.0
2953,0.08879199,0.0
2954,0.21879047,0.0
2955,0.001159981,0.0
2956,-0.28301615,0.0
2957,0.011938747,0.0
2958,-0.20562507,0.0
2959,-0.22206956,0.0
2960,0.20321858,0.0
2961,-0.160603,0.0
2962,0.15449587,0.0
2963,-0.108558975,0.0
2964,-0.364275,0.0
2965,0.0315779,0.0
2966,-0.09799871,0.0
2967,-0.08091516,0.0
2968,0.30022734,0.0
2969,0.16841343,0.0
2970,0.11320993,0.0
2971,0.13234453,0.0
2972,-0.10189385,0.0
2973,0.013419396,0.0
2974,-0.22969773,0.0
2975,-0.19189788,0.0
2976,-0.19531943,0.0
2977,0.21929082,0.0
2978,-0.2251842,0.0
2979,-0.23514397,0.0
2980,-0.15864468,0.0
2981,0.047971345,0.0
2982,-0.13629957,0.0
2983,-0.20922838,0.0
2984,-0.24436167,0.0
2985,-0.07995608,0.0
2986,0.040122606,0.0
2987,0.15386955,0.0
2988,0.023519423,0.0
2989,-0.17668977,0.0
2990,-0.25894535,0.0
2991,-0.18864352,0.0
2992,0.101983935,0.0
2993,0.03065331,0.0
2994,0.05420159,0.0
2995,0.4505744,0.0
2996,-0.29415405,0.0
2997,0.30881402,0.0
2998,0.17536007,0.0
2999,-0.1356257,0.0
3000,0.3221103,0.0
3001,-0.12644354,0.0
3002,-0.4096765,0.0
