"x","M.1","M.2","M.3","M.4","M.5","M.6","M.7","M.8","M.9","M.10","M.11","M.12","M.13","M.14","M.15","M.16","M.17","M.18","M.19","M.20","M.21","M.22","M.23","M.24","M.25","M.26","M.27","M.28","M.29","M.30","M.31","M.32","M.33","M.34","M.35","M.36","M.37","M.38","M.39","M.40","M.41","M.42","M.43","M.44","M.45","M.46","M.47","M.48","M.49","M.50","M.51","M.52","M.53","M.54","M.55","M.56","M.57","M.58","M.59","M.60","M.61","M.62","M.63","M.64","M.65","M.66","M.67","M.68","M.69","M.70","M.71","M.72","M.73","M.74","M.75","M.76","M.77","M.78","M.79","M.80","M.81","M.82","M.83","M.84","M.85","M.86","M.87","M.88","M.89","M.90","M.91","M.92","M.93","M.94","M.95","M.96","M.97","M.98","M.99","M.100","M.101","M.102","M.103","M.104","M.105","M.106","M.107","M.108","M.109","M.110","y"
-1.66397392343294,-0.635690173856821,-1.45923603099031,-0.366594631162202,-0.67588515516263,-0.110942840632725,-0.276871703504515,-1.54251613756233,-0.634103526897135,-1.18645414433311,-1.75204290448439,-0.229924789743096,-0.123072717037124,-0.16736827519634,0.424107833458935,-1.52475443792949,-2.05043675357263,0.27522620520141,1.40300566924146,0.701511122026955,0.449627971330673,0.44565623909313,-0.832601214682096,-0.106502563685807,-0.172314553469301,0.292843735078023,-0.262303552321502,-0.74869644360016,-0.338604787970997,0.699352349109095,-1.96095528763492,1.52643020938125,-0.186998098348937,0.110205817892264,-0.711038371898436,-0.388095161412208,-0.161296349456253,0.0265739563904076,1.00763172279075,-0.388723776756236,0.360001405069384,-0.250631185973185,-0.503984877708923,0.321809490639002,0.854418395830791,-2.4376703367789,-0.25067108963107,0.438925244606968,0.326239547927215,0.172578033705726,-0.597945195366386,-1.0632668829079,0.0843129662340685,0.0851440899514277,-0.814591059205362,1.38198532315646,-0.139990599859642,0.894092635914116,0.488767442305457,-2.08883075392347,-0.048196926923802,1.03345002328633,1.84256845701825,1.04941978326739,0.40975968234524,1.35080075874463,0.232647712870871,0.0245194461333425,0.0589089484671824,0.741404258769674,-0.0351725427122981,-0.121021117877219,-0.761325756846933,-1.16967078380481,0.346105184497847,0.508552181022664,0.301906862926863,1.3543356015288,0.328293565674575,-0.207877196197606,-0.095035888306958,0.494095236661944,-0.946330200911671,1.89393729707716,-1.40139035450041,2.11807081063727,0.636520126935918,-1.79792249334718,-1.40561337777806,0.0476924800307646,1.02867215295974,-1.89611190861983,-0.722836946665397,1.61679616211677,-0.506087694596926,0.232528349727639,-0.450105310174574,1.01572816794305,1.74815029519273,0.557429952514488,-0.842013133505081,-1.10596371652153,-0.433837261762605,-0.876896390719378,0.763654659147357,0.0572933783660794,1.63229881462283,-0.035723015491859,-0.616187374984174,1.34688146319058,-0.767909445049751,-4.0690280573294
0.366326491358726,-0.403644960663612,-0.997697245980123,-1.410245356874,0.872137081461677,0.487549172644281,-0.318091521417187,-0.846625879228552,-0.643334540714717,0.0456760101369853,-0.594164315974109,0.0439451208459817,0.388877354388293,-0.552519924497724,-0.191483796935706,0.719141812216934,0.952393139498178,-0.633165496090569,-0.280003251451212,0.839872711242613,2.38848037711253,-1.74974284249032,-0.799252613241262,-1.05676487000826,0.868970297581994,0.693968938709291,-0.151902992477681,-0.403214029368326,2.22189223178177,-0.525790851077889,0.881843247987273,2.09484809626249,0.635149076353609,1.32854935152728,0.818266078350817,1.50413208489186,1.87231156397003,-1.07314266333116,-0.0111260072647245,0.454874358384767,-0.302115390745368,-0.977797575167146,1.1797971799297,-0.747600715430344,0.24811462586156,-0.232878288791664,2.12508368670378,-0.313067763404788,0.437862528823059,-1.24799298003266,0.636063319164195,-0.947172012841166,0.673950012861586,-0.913617430385397,-1.64311521827871,1.18274660174205,-0.754544288865273,-0.257009094033155,0.362170657282292,-0.416699247168808,-0.684925010384341,0.0187169177970959,-0.623513613858056,1.34344974294623,0.602132167126244,-0.536741949706286,-1.61095583845229,0.188934035123846,1.27506557328468,-0.147163021677392,1.96457859351124,-1.02230257664619,-0.519621606069503,-0.0872748131185384,-0.924816715213727,0.313743186948291,0.568439571915863,0.705382092369379,0.477538226736139,0.0819320610018952,-0.786800720740788,-1.35876229428061,-0.432548249309366,0.753211988507056,0.36127385906681,0.0395425253249564,0.704390292849026,-2.29952015058806,-0.154202798582868,-1.04730427698935,0.88791616797631,0.210947172408932,0.182156447786767,1.4046822325325,-0.58694659553836,0.274104666101774,-0.427910817604383,0.0119988583559445,-0.234885085013097,-0.133892969650077,0.541160822509071,-0.675845309149985,-0.281168729061282,-0.368757688400671,-1.99656514117215,0.9729298029333,1.35506208516805,0.45071015824895,0.852696790960017,-2.24459680750893,1.14165860745212,-2.24750694280529
1.21998009086865,0.266033767207935,0.708769417234891,-0.19139221242755,-0.511511632795861,2.29726195682801,0.709849091776499,1.77986082293961,0.925466294741228,0.224827642441819,0.079039145050543,-0.519233192803347,-0.752680916001815,-2.21600982239129,0.168494397458985,0.102568749844555,1.06976178895739,1.04994312106774,0.228078549199213,-0.217120033716437,-1.37127251362852,-0.6456713838289,-0.25860468314553,0.197416513167587,2.20812758466854,-0.209451643273529,-0.0894869911938343,-0.155620709131583,0.851972521599796,1.53679880891864,-2.22732162186883,0.868872734072675,1.28633296332827,-1.02633172656683,0.854725962942369,-0.972193710275041,0.980385895159918,2.09714087390186,0.904109287353096,0.372791658973377,-0.338817129935888,-0.190175721691249,1.33083736188121,-0.654580377177786,0.165728086653742,0.112199479446428,0.371000864521747,0.754231604224434,0.57316257062915,-0.63674044700774,1.36594768035461,-0.502643013065834,1.18045121793509,-0.977419534868721,1.02271850631544,-1.67424827566661,-0.106287787030839,1.19731324398707,0.521588102645479,0.682769831425276,0.0285628371413456,1.05061871262734,0.180389323165759,0.75298271893263,2.11740020028727,-0.644242059524047,1.05655510736694,0.445658244383744,-0.557509772634584,1.689668125799,-1.68411332787984,0.426233480478811,0.231282918612849,0.652984779859411,-2.41290039362979,0.888387006239084,2.14652731221578,-0.267751150024403,-0.605174021399141,2.19031600820547,0.741360787764791,0.449807096844533,0.0754225393585738,0.274998274276285,-0.240775805736588,0.133652331568472,0.373430539408333,1.10441484779548,0.839397526997398,1.14518490500749,-0.0122930650872382,-0.409511074275369,0.458841232191675,-0.188445993831005,0.410281442263993,-0.621712042102448,0.741953815016692,-0.57315426611759,0.381150552622208,0.756623595205581,0.97079110154171,-0.697972049044251,-0.0190262459878668,-2.18890354382707,-0.244850025954414,1.5244269766529,-1.34050279416478,-0.471417992198934,-1.18877486750011,0.141758886629555,1.25342507657821,4.6095869649739
0.138428095387739,-0.549624510508164,0.359827744204991,0.479409983548766,0.227172762786464,0.751996517454987,0.208367013886922,1.29337676723101,-1.18601984026468,0.163429355516368,0.268185101489494,0.44051109262572,1.67712861460114,-1.13186097824285,0.950740532450887,-1.55300101136852,-0.448192635336395,0.641187594148378,0.0782328494319708,-0.241475150677082,1.00329790725469,-0.989623939934445,-0.469282357551773,0.320373795644999,-0.132330506234927,-0.939937107812142,-0.965275338528376,-0.88976924600968,-0.14236263259843,-0.255614836165089,-0.42633726332991,-0.802535180677953,-0.833041628684332,-0.60969813546228,0.142916502722737,-0.217303761388503,1.14614208775088,1.06079978213358,2.602045133081,-0.528053090830732,0.147386082875772,0.0766067616674092,-1.87411587228072,1.43980893915509,-0.754479121133738,0.0133027744083742,0.176501905348024,2.61975312736081,-0.331491691801284,-1.09766264345545,-1.15904360737298,-0.0180543223524994,0.138443911142925,-0.602109423682517,-1.10454964991989,0.167926073369138,-0.928112959543659,-0.47004175212247,0.366185762280367,1.2039968446769,0.483649850407962,-0.696103196740511,-0.301739557621473,0.17389795290277,1.70287963131662,0.248240865695409,-0.158094130441256,1.42839381691615,-1.37999828309262,0.0220054399643287,-1.04851850359772,0.421557996975384,-0.573992056050831,0.386497734984795,-0.0721744488041968,-1.1087778543276,1.26620922717707,-0.114409473519721,0.517383087810977,0.124865075668095,0.0274541807075301,-0.246384908576581,-0.0291130563523307,-0.939474848187637,-0.999649357186426,1.95162993174479,0.20516955253674,-0.406002656920243,0.256335111836754,0.84428497955964,0.599978898031649,-0.154921783817601,1.22132131222172,0.053994803944244,0.457154747901528,-0.583935866948419,2.12529000601304,-0.914287109625171,0.81533518313906,0.377639829041572,-0.367946116655268,0.0214363555555667,0.788969445532268,0.204740717653351,-0.0722858903567471,0.461259403989749,0.216036680607174,1.0430955465504,0.793982655309616,-1.28251419438253,-0.320646483481545,0.649671918206238
-1.7408260331645,-1.60329649425843,-0.389771137806902,-1.21856015769531,-1.23236081233029,0.286021537795387,-0.903350130570516,0.301103185092626,-1.29062698756632,-0.383278830520761,0.532874249977612,-0.308517328630316,-0.535988357893294,-0.86952776538404,-0.137213770700922,0.17694182132667,0.252728004430563,-1.25660541900638,-0.00357822443685449,-1.49166771067124,-1.82839074235226,-0.68348138734093,-0.524118945381999,-1.82165063205591,1.45041967204883,-0.193655684375388,0.890596835398372,0.33855231563856,0.067187365184657,-1.26551713650116,1.06518059448604,-1.20018988033015,-0.341643017948505,-0.67909144226739,-0.418189405037719,0.834281558291816,-0.0933188039260347,-0.321532392341627,-0.57816510242966,1.15704930799773,-0.878328709141415,-0.830245940426785,-1.1527925748389,0.0903029039852137,-0.978162857027732,-0.717749698442258,1.25084375434838,1.47561000983783,-0.667658307563177,2.37586689402708,-1.17878889386494,0.0535718669413373,-1.46711419789378,-0.0198142871078056,-0.726883644046037,-1.83642080664257,-0.155703455790829,-0.307489479399935,0.377474523600504,-0.166014212645302,-0.133734867887758,-0.679400382195983,-0.286018250258961,0.753681980955556,-0.154571998683705,-0.810982374396613,-0.533389773644918,1.33248686305333,-2.03911090295451,-0.156197226423616,-0.519713661007032,0.299417602044078,0.392892976535417,0.285816653988025,0.572719382234165,-0.385476298557286,-0.0223556325903738,0.0151142307132284,0.510923119579048,0.0448695159826355,-2.45223769951337,0.78234717769092,-1.08204550637989,-0.45144006300799,-0.566679169905017,0.760863640037922,0.937860973911192,-0.377830876071278,0.818299617829586,0.676606679296701,0.119673696077735,0.645199255309899,0.0642994742892952,0.533515009124457,-1.16223552002708,-2.80015671381043,0.277017589929719,0.266491740610717,0.587839323724338,-0.111422374012292,-0.990651258195329,0.612131843047172,-1.88020437505387,0.987136993296291,0.6049674391687,0.00162155841589077,0.745425668228791,0.193176393008119,1.09184197526344,-0.954073291132765,-0.514109750369778,-3.96431422875057
1.16394829857295,0.271575587909728,0.64329599394372,3.22427557575924,0.751279900674459,1.11933352066719,1.58069698217467,0.923656038396337,0.422668251949652,1.11326387374498,0.135160077718103,-0.185794311772419,-0.334077347841038,0.243196256506647,0.200465087747357,1.52577414712859,0.840219805989676,-2.25568462506857,0.458088647221046,1.4449390597287,1.37545980426982,-0.840075536830105,-0.880197343498202,-0.516553095413544,-1.64816924943587,-0.64632522324702,-0.649559411227565,0.376004449559338,1.16817558608027,-0.620488517815636,0.182604340988098,-0.31039921450686,-0.058349937248519,0.869608271337009,0.522585886399446,1.51150903237139,0.820640537458729,-0.707558035433757,-0.667567560212461,-1.6359829850594,0.25248528883091,0.39317782277444,1.86589867554404,-1.97926851122805,-0.139369472998082,0.234929953578414,-0.223035985056842,0.799232735255967,-0.279132973602497,0.0223250365916621,0.327137598577059,-1.43294666748811,-0.481411180454448,0.251215980353321,0.237314330519063,-0.924604556427175,0.0688048099728587,-1.61719979758066,-1.86444490829839,0.303566736120148,0.424231778622582,-1.5955382407248,-1.42109521694219,-0.428740232310996,0.917921931661626,-0.608666523318427,1.2685518421777,-1.68863254654254,0.144624224313256,0.455536869348579,0.482704388430843,-1.74217533837048,-0.00406386112858937,-0.207117618626426,-1.87460360081917,0.970748186068222,-1.30589813270223,-1.41254674553484,-0.441192486926186,1.14758764809889,1.86576947587996,2.83311470918175,-1.40020233102308,-1.98873091330186,-0.0573958134120638,0.147825969269757,-1.5352336515145,0.0466130610852441,-0.551668593730379,0.899897719998394,1.13344599206765,0.763654562845278,0.24100938519231,1.45115526436093,1.27768490133232,0.364249976689008,1.12405297188168,-0.851926342743879,-1.73972275853853,0.832070726640771,0.780563460402394,-0.122802244704123,-0.979682464976385,0.757099590973693,0.730983459338818,-0.140544271768611,-0.692438010480357,-1.47205561035169,0.76387614718237,0.0615266217701689,0.338386058714195,5.24691556676822
-1.38640458007597,-1.12853888530621,0.129059698684851,-0.504385075831671,-0.470399794785907,-1.56553644279287,0.233782624434474,-1.31844780253393,-0.530516102369637,0.538428337214821,-1.17200139502484,-1.58974428384619,-1.0286725774337,-0.0544708840576278,-1.43019698904633,1.02835486489315,1.36620090799776,-1.39253599726389,0.148025471575058,0.741553584208524,0.552109974493932,-1.56337698408264,-0.659822110575397,1.79705484976012,2.36813722378418,1.27338787168198,1.7303720941973,0.633871077673483,0.900190013200431,-0.68646644621971,1.05647775147322,-0.469342655503524,-1.73185192473346,0.13764762249785,1.54651896995404,0.297005445210783,-0.0127402799702284,1.34497876252506,-0.769417963151367,0.146432346492394,-0.254394165278721,0.260802293827265,-1.65237827372321,2.17239745964717,-0.569170146582585,-2.61470005295154,-2.25687132831617,-0.814999067184341,-2.67916001895905,0.73269188010016,1.09705364012753,-0.511793369927835,0.620280523235752,-1.16243815898164,-2.10810086939911,1.03100404002691,0.669305250076976,0.255871132895829,0.709417123421698,-0.863007813031073,0.0566480670691047,-0.534377557718109,1.66143402123282,-0.84427492927644,-0.883800014768379,-1.00465930497961,1.15134265840731,-0.663961835403681,1.34345000290616,1.11542501371817,-0.394972239576566,1.2579201696777,1.66435468640698,-0.60247014459879,0.450623203959962,-0.235340481348077,-0.76224036831539,-0.178665906386058,0.11169102689006,-1.42358516749558,0.944514616188964,1.43803851302508,0.756599926539552,-1.9300685106069,-1.41432320447557,-1.04902474445394,-0.0784106312818335,0.867244911891523,0.918269894136892,-1.4363342283747,0.112245169385257,0.0730919967188998,-0.770258139344626,-1.04314475238503,-0.672744222251177,-0.0782190629176877,-0.559672621439936,0.107375894767154,-0.748088004852749,-1.60802769296538,-0.934894026675178,-0.0440221288404637,0.892498943179709,-2.57140246861761,-1.29577743541113,-0.255307497457093,-0.948594893199262,0.242687087903632,1.15140413697157,0.574483604922553,-0.750901830442013,-3.24428993687512
-0.165765008084936,-0.27308725679209,-0.41344655541493,-1.07701661246332,-0.788416251450974,-0.45424955553486,-0.255752697736004,-0.9426389218851,-0.0629089230088345,-1.40932456328238,0.428006115141775,-0.102112794949193,-1.1380237030545,0.972338384655189,-0.669318362253269,0.298392291596392,-0.0215199141780306,0.35170197098901,-1.14290112714534,0.111905356288911,-1.13117969260609,-0.364036783004616,-1.2750656127058,-0.875305992937265,0.142426596181694,0.2626293151716,-0.25219555715084,-1.73560880304041,-1.47024483793904,1.07264609385996,-0.446888979862245,-0.721362990156859,-1.6166107174305,0.487060210313128,-0.190160710211912,0.0460981653237467,0.260997128698637,-0.139304089068898,0.328664075768858,-0.878300276886407,0.64386159148546,2.07800296816173,-1.14618693393063,0.167804310344224,-0.133243653629793,0.105014574945622,-0.346368166559169,0.504313901830608,0.218750726753172,0.808534850819241,-0.303284864490109,-1.68633334753844,-0.477982316408578,0.265878919291825,0.158070636955385,-0.53864714828108,0.772017768071551,-0.189381560971205,0.0224214425645094,-1.0018550417329,-0.834361518438271,0.329267650670977,-0.541715276084415,0.204632633884266,-0.475115116140437,0.404689973229409,1.03155969703352,0.902516059708156,-0.765883399880162,0.5120737945717,-0.0224787596989421,0.955513382214359,0.150286258943848,-1.46230968435831,1.32769587365244,1.31166538222896,-0.853667080481247,-0.702820945919084,0.592259993471312,0.807855775229384,-0.555486418586416,0.0172521401357973,-0.986092511251018,-0.595255573832954,-0.0756897160734621,-0.683695699902412,0.534937901758115,0.866210821805299,-0.391763844375815,1.34848624201169,-0.583092499160198,0.350238375986139,-0.556898874005239,-0.492505866823977,-0.304286789193516,-0.962106993500768,0.721235764809623,-1.45937845390118,-0.698127383098032,1.49366319752932,0.499652292569468,0.11907693177321,0.268362425728821,-0.0486060863010587,-0.309747206016952,-0.358029555615399,-1.30440495462189,0.537310758198992,-0.430977939694515,-0.853533930727412,-1.01690158659976,-4.07585616164664
0.447531224714466,1.5212406844573,1.01670666725584,0.34894939310111,0.0415027917087936,-0.426661727627763,1.07150666724765,0.257315590068743,0.468904665807895,-0.295138750102217,-1.88782779300173,-2.30454335804856,0.564479635390127,-0.225970584469185,-0.225898260109826,1.49544239742125,0.423089764161605,0.497556460647644,0.340040626597234,-0.498145335302783,1.27547725735098,-1.0248568317161,0.43433932220985,0.520682892118132,0.31125145827814,-0.775083080359454,-0.193725324350092,-0.122119163060526,-1.67361839955365,0.541997140473234,-1.05015820476769,-1.52335047851188,0.0373992835669042,1.01238615713286,-0.872456423429115,0.18978732419783,-0.784110056608684,-0.161449689149774,1.11744090196546,1.18590281063312,-0.244282157704785,0.472491867657476,0.146651976532422,1.11167725451938,0.680222823124,-1.10033395877719,1.75417720536969,0.689873247667841,0.124247250609944,-0.112543471012068,0.956410253828619,1.46394583648515,-0.161605358099026,-0.722557320572478,-0.120844640281022,0.0780086261939113,0.100346597118749,0.336182937551809,1.50411797836743,-0.613565028267868,-0.26066669298357,-0.92481831578304,-0.066947991067468,1.82316522636297,-0.30862355119959,-1.16503110150885,0.180096402659689,0.217926453554237,-0.428273517200781,-0.49897719302258,1.07203740401993,-0.311264994090039,1.75455372525813,-0.828361359619503,-0.643989433835368,-0.469431501819223,0.34441628734864,-0.460966616413066,1.94818987817186,1.5155727950898,-0.563873043406353,-0.528031018120646,0.681259528850241,-0.18126010270088,-1.99547762393294,0.4195883162089,-0.356874831295583,-0.427018595881437,0.32172470535522,0.114679700258144,-0.912096206992481,-0.61601643832664,0.131299496196669,0.657096593708826,-0.271908832616412,-0.68775084066137,-0.210239100864672,-1.474057634722,-0.0782007073406253,-2.16070139833108,-0.803532956233118,0.371356006891037,0.656213603463088,-0.0377502211206562,-0.330144989898429,-0.0853942984125245,-1.18427170650303,-0.568714094404473,-1.04428494353961,-0.638090545091437,0.423356948742723,1.92535040050551
1.64236078593525,0.589298681965314,1.76598639892899,-0.292181864734512,0.90571990726304,0.0568405531285461,1.19458381902597,0.340628810323468,0.107402596590541,1.20673905047394,0.485379597235354,-2.35486454168326,-0.779464569938973,0.200320923017562,0.538855156562788,0.662963639942321,0.405885535250786,-0.0940099234910489,0.1857624311306,0.0518804955950461,2.14704185876296,0.298916715881511,-2.68850477697767,0.186202555499418,-0.720987697163094,-0.869313713718591,0.382219432384233,-0.758255179263315,0.160702751448438,-0.115331472821509,-0.745687599082807,0.957922488949142,-0.995134037867009,-1.47001387753791,1.79315299824767,-0.552102993208251,-0.613358580743754,-0.522288939332904,-0.563918944504108,-0.263032145345671,-0.188683309840999,2.72667356388104,0.861137880630748,-0.0212895523336614,0.200840879635732,-0.197689113758784,-0.188241627033148,-0.3912698451678,-0.162932898703036,0.674730135931895,-1.78022975663251,0.617366564391848,0.720100118663847,0.724256548710825,0.556303413151535,-0.463052283909452,1.05097470336769,0.833824859275775,-0.789575262713865,0.984455703503092,0.433847441672749,-0.331907192610215,0.256197155917485,0.792370991870352,-0.563177480110278,0.287227472848751,0.207027904631541,0.663381096339088,0.628947008612236,-0.303865580187861,-1.43287842167167,0.340463417220875,-0.834574681293856,-1.64129068321189,-0.422793345859813,-0.546248219565141,-0.652898857048002,1.42477799612989,0.540050323436659,-1.68650503236893,0.802918497162314,-0.979476815756968,1.05933118084034,0.70693604042327,-0.0323697751980098,-0.275616694695489,-1.77671688577218,0.635811136076161,0.982597389751064,0.726152471765537,0.815795029071491,0.386624477091513,1.55106199059758,0.131105994385735,0.38772018744962,-1.61588104592643,-1.67622782231491,0.40520820659055,-0.946848982806241,0.720017588969306,0.211396592309571,0.865338403128673,-0.0232957209440739,0.340529804123331,-0.912169445430044,0.423955627819742,0.991874423425969,-0.809992826045297,-1.45108849259723,-1.60597454497822,1.52891032121895,1.9295288637951
0.258298299451281,-0.777967494341099,0.898504194390199,0.749194188105445,0.684808861980446,-0.701961472633789,-0.0769195304529772,0.537742404581751,1.14909870468785,0.699466907670218,-0.129979823057084,-2.09322769566002,-1.38490776119704,0.831017126527352,-0.679323578658739,0.198039610303313,1.20253044360297,-0.495714267197465,-0.522091901311526,-2.29426579253167,-1.47162209778477,1.52625519129583,-0.98090070522655,1.15986290795572,0.454597044295592,1.2978339735169,1.15673502904508,0.966693114560276,-0.282670778907929,0.0766728510136288,0.791760695903365,-0.697709073752281,-1.27485519233757,-0.704719559077747,-0.359442506985455,0.044575104293223,-1.08294085787112,1.25990637358215,-0.486049682657891,-1.97926475156212,-0.292119003782195,-0.133482320285257,0.111484297678884,-0.541659077170068,-0.349818554759853,0.558326172883048,-0.599325215295562,1.66412667144207,-0.184013655250668,0.401293914111604,-1.69218917167109,1.9446631487479,1.10601557935125,-0.630569426871214,0.583708352530678,-0.997012213117936,0.855207093860374,-0.0230601161094846,0.28454665597489,2.22173764370796,0.223301538429674,0.660629671509815,-0.183846592691121,0.717527322677686,0.142282545539872,-0.679518312245163,-1.01089155489694,0.723172417542134,-0.0482789966072944,-0.0919024176239651,-0.220975427439639,0.0127262850905992,-0.00238083224267263,1.0345937630636,2.31825680923532,-0.364621607212125,-0.0792953546538339,-0.941585913507363,0.974004570442881,0.111771158139256,-0.150425197566611,2.35182354010576,-0.230079113687413,-0.782538978063879,1.71252266765474,-0.128380298808136,-1.95601541263204,0.404224968550043,1.26247975840397,1.23386850208722,0.420454803968056,1.43405848568865,2.05299416996004,-0.802339526563449,-0.326310307304265,-0.454724064932818,0.799216626766765,1.19716396355938,0.628630256405851,0.279930527223875,-0.858711865884765,-0.0976275019742358,-1.58520798268401,1.68325065676323,-1.13065233303624,-1.18739932051295,0.629662832841466,0.706861917282055,1.01510842230166,-2.03159090490295,-0.95836743138201,0.128072719847663
-0.460654668174153,-0.127638649107147,-0.146324855544691,-0.818633013904817,0.224678675883045,0.0356932060815768,0.399715592675504,-0.053607211572818,0.300209644249759,-1.70225467077782,-0.912062967612954,0.143901078545744,0.142436762499032,-1.36934768811538,0.810915008451567,-0.392863108123615,0.975749073415905,2.66706467969206,0.206838859189061,0.0685765091063833,1.41408849938867,-0.166548596845633,1.46742005546729,0.357915871780655,1.62767651041761,-0.261237829923,-0.643630839891242,0.134918984179032,-1.25214114845357,0.0392500252612973,2.15784338274597,-0.489085273041063,-0.0773135843175138,-2.69284280898668,-1.17266186961526,-1.02954796093228,0.71816573619626,-0.61945615850681,-0.328105332072784,-0.600763626350851,0.237415107351938,0.119109675442397,1.32817425435386,0.310319043880239,0.247677829038899,-0.156324876197747,-0.17039728189713,0.038443022915324,-2.11879938635502,0.67832161199065,-1.41615895008145,0.947621616341648,-1.28576706143099,-0.266498643818302,-0.351378368771406,1.43382007472514,-1.4471552744229,-0.578135974293261,0.137079611145167,0.933235100811174,-0.747308375380816,0.185630795881065,0.469665889007958,-0.545475793599498,-1.10773950817498,-1.22847303989857,1.6738780504274,1.13365898013998,0.98187485196907,1.19743207915219,-0.87219015583668,-1.54342622857527,-0.0914390465949936,0.666446236072872,-0.785407128435354,0.250257157864684,-0.651873927917506,1.01437655571559,0.584543837591156,0.308356113187772,-1.66314668046393,0.55216342094666,-1.15643032213248,-0.192498817949484,-1.51113423064978,-1.35242311871801,0.564137171318068,0.319840643427172,-1.66434396315236,-1.10658839966384,2.00711181524548,-0.902198495155339,-1.82830152979092,0.26925823926274,3.69946717926397,1.78128625587791,-0.0575263427013562,1.60728374370214,-0.698846860554459,-0.912844546321336,-0.735126375708124,-0.230813352802021,0.00729267493170807,0.24154120278725,0.237021145842447,1.16862164243237,-0.738247304436109,-0.0101809857135614,0.0448566562290814,0.604123549752362,-1.58795889731336,-1.28600693296174
-1.27877041771428,0.2254897746653,-0.623524255308138,-1.87705418186988,-1.80822794174645,-0.515784523420643,-0.949660671891597,-0.551812853940864,0.574122452527224,-0.536719635092806,-0.577367277970828,-0.638060234524757,-0.0330492484182899,0.821289921572187,-0.823449978652223,-0.669412954036213,-0.455169131646382,-0.942047529089275,-1.35051145265006,-0.371121060400447,0.134673290098442,1.57640351450607,-0.443843625221271,0.745424514457306,1.46356726660988,0.496360138489113,0.315981531373187,-1.79694367951279,-0.125041281621696,-1.82684576292746,-0.618475140541346,0.0863591003208869,1.00414701955088,1.05858045492944,-0.105535988521236,-0.569301582769277,0.548364204938137,-0.134528830439575,0.609710000536087,0.254325759883772,-1.722647565908,1.34958177635406,-1.56583037407099,0.69329010950361,0.250396168282314,0.73677468472271,0.357664427902215,0.988880295511906,1.09956894567798,1.67141165705639,0.926624916560705,0.502727968911419,0.698205746571402,-1.01514291998549,1.13028850351558,1.04637090649847,0.140906437318769,-1.24588836941639,-0.296695746892497,0.467617647834662,-0.152675305002478,1.35723563355716,0.967556566759081,-0.828216715978124,1.21599815545264,-1.43377834534924,-0.00948589736377915,-0.13528923748338,-0.423544119182133,-0.303946879339645,-1.48811952026594,-1.38539644491495,0.0427006649382852,1.30134936745416,0.349252260374969,-0.961303498570748,-0.901819080108114,1.66398855317178,-0.14194930363198,0.383776097262584,-0.738844990858239,0.446422713182628,0.793523848224688,0.695569162441094,-0.178084461382401,0.861954933347637,-0.140109068011671,0.329009200464871,-0.810227641727731,0.0515963224795868,0.434856822832482,1.03832746323434,-0.564772150881565,-1.07093194222091,0.202897491400146,0.249685989095984,0.566176349246927,-1.0845830461143,0.560415343319186,-0.529301968960872,0.851177364173175,-1.33096141953041,1.09047166055835,-1.10431834684327,0.0295499782156076,0.933603700733162,0.226517890270541,-0.970668184709784,-1.34658104488384,2.18104880962734,-0.0162045986314667,-2.01018896881031
-0.027972201249478,1.13372994927412,-1.22773584736494,0.184657719941615,0.776222735478221,0.481811093986124,-0.799282809113583,-0.532537726465671,-0.497995048573063,-0.409065415689489,0.162877040011834,0.376767723818195,0.353900495275157,0.679406856939513,0.234238855300456,1.51885870697224,0.581577832021526,0.446016072062202,-1.83065278278049,-0.43163004468472,-0.193639969375998,0.102075506821081,0.698773600398141,-0.0180653466109858,0.443036060225292,-1.6416386653489,0.914447349307634,0.248717087543888,0.353133588350615,-1.0346187511329,1.0641138699367,1.37329631709452,0.257854396676012,-0.0249012124127132,0.402222274309684,1.41320470507716,0.0732752666349021,0.566029469622289,-1.29520457851576,1.65699256652019,-0.459663285178485,0.623697165532448,-0.411204046071669,1.53431852529638,1.17497526926574,1.1350707615563,1.03370853983873,0.206921556971136,0.232765006038484,-1.68911963008658,2.04576920783372,-1.17107791440201,-2.28122787120394,2.32345319396914,1.69770221602185,0.0125810927091624,1.33324379955016,2.43278506380117,0.124358546877639,-0.363235610666834,0.528423315423001,1.13809537930433,1.36454810167551,0.883130989957307,1.62159412560705,-1.12925256801791,-0.559640566421316,-1.01131197898399,-0.465509434944259,-0.383764082205263,-0.078963869946842,-1.67035201328409,-0.0537587739839383,0.0771345451167614,1.5182385471638,-1.82183292760212,-2.43031689861626,-0.594296421448149,0.868212764586846,0.857710916464943,-0.582194441578955,-0.324260998710364,0.407976032768451,0.882261502989215,-0.0123248616004193,-0.0557276066489643,0.287760082959434,-0.386122891584203,-1.10769896329072,-0.0900140567069204,-0.275705439973619,-2.11053187932218,-0.103191979976678,-0.690860544315018,-0.68429085196141,0.395317374898594,-1.54954524841089,-0.990179387757854,0.450850714373841,1.02074151423777,0.156180646566883,2.34856250346004,-2.09701420770063,0.608418788565007,-0.0946997168676229,0.506832021366723,-0.355816595974614,0.355736611428491,0.173145370564492,-0.107208679593876,-2.75629537199331,1.61532107631398
0.718953044566374,0.601336512107604,0.334850004342669,0.809089599042004,0.84902136658889,-0.278267696083412,-0.220829486872917,0.538726526914348,0.958211616155633,0.163357891124192,1.17630723908508,1.73918749777334,1.90247474157799,0.761844444337705,-0.00731848905327334,-0.385889262188552,0.120462282466775,0.328959250528454,0.35214548296499,-0.640769818684025,-1.20466253857802,0.319547397454925,-0.637169182339092,0.0506742432682391,1.13148024095899,1.0490976453559,-0.275559176613878,1.47385884889641,1.414610061871,-0.683544217723271,0.770161684469112,-1.07675645847766,0.729656395393152,0.280820059794096,1.08968242906146,-1.6917373304073,-0.67550139293177,1.75996302566204,-0.0773230021977443,0.509777858904248,0.931846551150577,0.220807596891503,-0.895795036233519,1.69012477688292,1.52638015529606,0.107172214850694,-0.191513580915003,0.766266460750104,1.22490373972363,-1.50328859774296,0.208689517539964,0.315545076905412,-2.38126880962163,0.615830554387706,-0.0389621287077402,0.669058013822826,0.149931804102882,-0.657822382755645,1.05049786641284,-0.522607148864651,0.871653317734255,-0.0693592917629826,-1.66425368591768,1.61230681258322,-0.819727574982813,0.814587422272571,1.14204597575933,-0.873051749227444,-0.511498811667824,0.749798419801945,-0.187267111624264,-0.592968076725513,-0.897678717035595,1.38487915367829,0.182832916968115,-0.820004506023899,-1.07434156740975,-0.280119661091989,0.831107774818526,-1.22221568350739,0.762329738492192,-1.47177694766557,0.866985585015201,0.544039085422227,1.85650719608988,-0.728338314847276,-1.24464022545678,1.44229636010934,1.52457913331689,0.627472082962855,-0.690233684085392,0.318970976171846,-0.317789164916187,0.726427991910397,0.639964565903991,-0.493160390014745,-0.328640757620163,-1.07303976090791,0.304553095244195,0.761593358304767,1.33481221555512,-1.58260285404343,-0.23941900716229,1.30309723559893,-0.591826894249339,-0.0782571193063528,-1.178630910526,0.419089880922263,1.30031114576795,-0.52788916557163,0.263969285946623,3.74447983589983
-0.1715325903839,-0.349807301087162,1.48707175403373,0.710932095325641,0.340282324710232,-1.37264446559041,0.411755191807819,0.33850564261876,-0.486740048314581,0.235444547912715,0.0419905813651878,1.40193560902882,0.187545794058382,1.02303289109249,-1.01147802692484,1.42668580027104,0.802833702285406,0.649559197680756,1.88474073103583,0.792701724497016,0.237783651304391,0.071502496960914,0.729762935150885,-1.16595806488144,-2.31743240581923,0.0127283604570208,1.67562518783782,0.666637245801867,-1.18273095770689,-1.31039709885093,-0.0776652070607356,0.428269892831616,0.282563725837282,0.0994900024109042,0.228685597539605,-0.996013426654927,-0.0901854216771041,0.468865352605168,0.373016219828981,1.02282415553002,0.514950511922606,-0.116235611213026,1.08535391294489,-2.00212610508362,-0.14087331766327,-0.380770346858344,1.21551668825553,-0.543871476101552,-0.556252040551073,0.524319184629842,0.0999734573994362,-0.00155376110363138,0.48622126110602,1.3653568809822,-0.924372145991464,-1.2902771926764,1.35623766989587,0.491770071189489,-0.949303355346095,0.0348226689571201,-0.167651165021982,-0.660495468782407,-0.545145555746456,-1.30551146511543,-0.98884467350976,-0.152070950069319,-1.18131987085655,-0.620233020224292,0.138401417334246,-0.252171821434781,0.369171760310905,-0.0952710892707569,0.8692514242537,1.12626315811186,0.387779253407616,0.231232771291986,1.22420011475422,-1.58401849823027,-2.2487263539014,-1.4720773955668,-0.641125871968023,-1.04950497562771,-0.904432776839181,-0.274482765663728,-0.224642682395702,-1.15649280257369,1.51258545693947,-0.409302050199145,1.28217630769052,0.116000987769088,-0.814552636190569,-0.727166114220703,-0.959021368287285,0.60753035480355,0.0401876675336245,-1.00894481892377,-1.07249971458753,-0.266486255110457,-0.0409337694370483,-1.36642005394986,0.724327692516889,-1.27751445214917,0.289676735887421,-0.679461153752818,0.357547660204047,-0.672155222150714,-0.057063278713077,1.9507564863615,-0.812161012408327,0.39057439364351,-1.04410556478057,-0.216679187917831
-0.706517300234631,-0.439675887141317,-0.474231825986078,-0.109162948321182,-0.432833391059389,-0.805932208035396,-0.733222633354846,-0.633387324418856,-1.68506915641811,-0.595395879039802,-0.968265753280412,-1.67460183278279,0.579819826368341,-0.212990495540362,0.240297778946189,-1.65954053440272,-0.889658673913109,-0.448316416115722,-1.45116890178957,0.375046693910386,0.857535526733661,1.17766162095885,-0.536072051731264,-1.09814153236216,-0.62468243829396,2.92644404048902,-0.252194617464307,0.188900598607111,-1.54195926759893,-1.63492863534081,-0.0871941509988044,1.11569819451875,-0.403808150051423,-1.57334821161262,1.62357022411338,-0.28359111784398,-0.673897901184961,0.2016640366433,-0.037453056585095,0.435906815029855,-2.12628264653403,-0.662469262864842,1.45717591220511,0.132512058803031,1.37507179716446,-0.698809653575922,0.268641436688456,-0.575241782317496,0.438918211284623,0.198416222769543,1.7673784275083,-0.255832353177976,1.16092894627347,-1.38565446057025,-0.247688539927244,0.335447752794554,1.02902697223635,-0.953913281369763,-0.832492074865945,-0.980099612224704,0.079033081488493,1.08176582351359,-0.109499498127438,-1.19323872190801,0.868844758520612,-0.121182375333857,-0.765627903223072,0.292494912392726,0.661691654787973,-0.658495371428124,1.08015446301192,0.499134590971863,0.689556382021331,0.0245728337907693,-0.670592347811945,0.746981880028504,1.40987185844025,0.321609191673592,0.416261093077495,0.145722974166561,2.27755200028831,-0.792220701035924,-0.0977141822533139,0.602902176946708,0.0189067720913714,0.334916334486481,1.68782738526308,0.480074546478061,-0.505224569590034,-1.04474418716861,-1.31445089387159,-1.3549222218005,-1.31176021979935,0.84998110573647,-2.19632359874397,0.0113249299038483,-1.36438880897437,0.814230517476382,0.61093080844022,0.165548298907717,0.684075001907976,1.80485988376664,2.07611003588045,-0.302989275632315,-0.283997826385233,-1.01197810695147,-0.532928566067592,0.440067625826913,-0.565179384489863,0.917789293396535,0.40810717156176,-2.99080642730104
-0.00311641274577587,-0.173594612483097,0.900432222883323,-0.75087910255869,-0.714846306959671,1.28152991356715,-0.919163869319783,0.200847291110698,-0.32517381334918,0.548900161230162,-1.29025163287795,1.46008182702281,-0.165944614108284,-0.658967941511267,-0.543007563828282,1.88192783502297,0.540991130617108,-0.128113026115407,-0.935155734374904,0.798476463715597,0.885984350929709,2.26733760730818,1.7128882601458,-0.142400214114602,0.574835986501412,-2.00669543170695,0.418188104196438,0.509108115974484,0.955687198420105,-0.576654358800698,0.731465658655392,-0.333893364634401,0.605663677392914,0.0185580157456214,1.55003996778359,0.107953791824035,-0.187343989486343,0.471344518233994,-1.43322488966146,-0.918354712829234,0.697710958265198,1.24468139841526,0.127494783648146,-1.46961535030335,1.53096220846496,0.316709231476719,1.50342975317003,1.0951144112169,-0.721481191955364,0.782405157290272,0.22301198060687,-0.214450439834302,0.752134166125826,0.530014350753321,-0.0204882613526302,0.500032009690562,-0.789171619938633,-0.251783627750068,0.360669161174222,0.525931624274003,1.1388007567493,-2.43739557700023,-0.499638888534981,0.000812629418616061,-0.77261463632732,-1.67054659485645,0.340461645728959,-1.04633535839591,0.700288794176786,0.487075289972314,-1.30824222864097,-0.414776572707073,0.0488575853273481,-0.427330225817759,0.273352108310101,0.170838176116294,0.272342584194315,0.0583923677221165,0.124650519603433,0.454520467852693,-0.719289066641161,1.80407094014968,0.651679165304964,1.92120164348426,1.34033225128936,1.14918972343483,0.189066117242361,-1.31246959135709,0.828839052877261,0.488506003334062,-0.484988656940006,1.34624858323321,-0.0569860898294259,-0.911670546603093,-0.229851426049647,0.834612602717876,1.07245020097453,1.06341764033568,0.569205817369593,-0.772470782520026,0.391535698726385,-0.977802620363474,-1.04292466753467,-1.07702359778045,-0.880442921862198,-1.95986199522351,0.334362323652568,1.06331513144671,-0.0666897231335826,1.00822760490308,2.45437383043453,0.498628290210413
-0.265111432038181,2.63474906722877,0.0823435361241603,1.52933836567662,0.553063981062699,1.27676840396379,-0.702208616069947,-0.3652907401176,-0.417673703491328,0.173078170814091,0.130340852729964,0.474353085463604,1.70698264670981,-1.2094578944298,1.94667523597989,-1.33143995096708,-0.660296486362482,-0.753149349813088,0.434931193451755,-1.63502784558028,-0.037804698943868,-0.230734139200542,1.18897813574845,0.868003906778471,-1.2280436023288,0.0593942819120781,-1.30176589504958,0.18361967976496,-0.332485087850151,-0.844475520160966,-1.47542254357817,-0.367771065732519,-0.608306447990358,0.630647752271562,0.792832388276047,-0.386247129158358,0.632825955159532,1.27115451330126,-0.24478395126397,0.238315077081791,0.947464347756728,-0.684646372731216,1.30659244677585,-0.599345279668402,-1.21993128974424,0.422779146734951,0.423780131416385,-0.470031019666136,0.321728993865535,-0.172184692242733,-0.295974585644584,-0.111896256861305,0.941394892412994,0.532675186679397,-0.206921406250625,0.13383542778106,-0.0485180182958835,-0.0943862690721381,0.0568313164085747,0.20441258353509,-0.943058927383812,0.835144719362976,1.61241177230182,-0.937226288366726,-0.071399174399729,-0.180681985964235,0.0773891947763562,-0.364197119607347,0.765177479640904,0.254289551667583,1.03658433257253,1.16116239010922,-1.32386655329235,1.01864983605017,-1.38884287649108,0.287336608978471,0.08872143392132,0.616560609612561,-0.469346090403095,0.933402045585129,-0.0219141914317959,0.946559629049514,-0.250448359886749,0.799186780244469,0.405541123644458,1.11385782832216,0.449114726834518,-0.14373994841044,0.653961832563097,-0.876334406697471,0.250077413517015,-0.0184050879166785,0.318667585615283,-0.779223537609467,0.0646473487630901,-0.516027357450616,-0.378095741090058,2.03138273839569,-0.234096777253031,0.877266110109804,1.3230669793914,1.97237715142201,0.413885737703981,-0.0251148894419323,-0.23459360375157,-1.44047517749615,-0.976600191160538,-1.29225562468262,-0.734210722111639,-0.769592380475109,1.66211111312944,-0.2042192627463
0.15235325214105,-1.22249833664698,-0.603963493253065,-0.501437104849136,-0.3746639863222,-1.31787231807854,-0.133452181660392,0.0686911910082603,0.608583535298866,-0.410463319568551,0.534639060525645,1.17210797738178,-0.434778506214307,0.275516845371051,-1.64908571121146,0.992289743017192,1.14834290467284,0.919969141434108,0.641633371807071,-1.2724523450863,2.09142698365258,2.42998422254037,-0.620934630434807,-0.151024641762624,0.928817573589902,-0.506920495629625,0.707336127705391,0.212937193738242,0.981664392830183,2.22158381376929,1.61101724762257,-1.11261936961255,0.410662435851343,0.0958192878181463,-0.413908990242516,0.872962533484104,0.168521679040164,-0.112031540249808,1.23649865847634,-0.0361784041552183,0.21176130880176,1.21255375921715,-2.10445369812191,-0.870955595857325,-1.1667978228314,0.237635759648341,-0.265177626052063,0.208414980519286,0.0596589254750453,1.06494460743301,-0.889767334948588,-1.63876532774786,-1.58648384015431,1.56594434145326,0.896322912075392,0.979181501311276,-0.892729818376789,-1.83076531768943,0.075558930014515,-0.957019019395792,0.809788745075305,-0.624888571329253,-1.5466451989741,1.06534415225627,-1.0172684977159,0.81413279375979,-0.19015926417628,0.470172640440292,-1.22658019564249,-0.365583979577302,-1.89226038481644,0.754267251871492,-0.466269247065465,-0.797949501774028,1.13169225332716,2.28195842347713,1.55708817381855,0.246685291194221,1.47286935501282,0.989747167969022,0.460197680470449,-3.54398611187898,0.568043739361434,-0.520034135447805,-0.0362005361654767,-1.06961864095976,-0.0701009421828791,-0.775168100465929,0.580712926391411,-1.30216707572919,-0.251805823320563,1.78016642730994,-0.296178312727589,-1.38494839354229,-1.0618177236396,1.47058602345307,2.72392734526156,0.250419773493889,1.5338385410115,-0.654409253478009,0.84924049500996,1.07810262041471,1.18757536741314,-1.34472597876504,-0.375990798647151,-0.974777431311212,-0.550574523129791,-0.349695816119399,-0.148654036095399,0.696574170860286,-1.62707475034192,2.61873585354527
0.398441573744021,-0.71144102011147,0.0776932414689708,-1.26984409298459,0.435850333459975,1.42460095011859,0.0700760892096644,-1.52256863273342,0.826228286531773,0.566229253645532,1.5187500412182,-0.0313503895628067,0.364351712583635,0.827728134832758,0.125979047157233,0.411762003107691,-0.819497565371073,1.37255412964629,0.205976736298171,-0.122229333850153,-0.516635933247089,1.14175107892882,0.294141833365614,-1.46288331171519,-2.5129955574092,-1.54993361974842,-1.32512589137974,-1.07606674013873,0.776197120292495,0.0176557231442256,-0.338328539709154,0.59397885358836,-0.562897966629355,2.41954043264581,1.30332833245153,0.970929825473241,-0.909657154790414,0.623034620583345,-0.340731007865197,-0.877076978042232,-1.14504111574734,0.356035608980048,0.0772618876049468,0.293837510619127,-0.172456791529406,-0.721761057087182,-0.76328267611483,-0.802870391612565,-0.277742516731194,-0.0536917713466803,-2.09216437584831,-0.318804500841267,0.390869885432253,-0.446266091596833,0.572091396226777,1.30442364285845,-1.77495295094036,1.73283594990585,0.615179696908446,-0.141961724354472,-1.28798781480993,0.305872023095135,1.08756298294291,0.783584971800668,-0.192454159055001,1.17752308633601,-1.02607584786451,-1.67314038086327,0.256407265196116,0.304746042980005,-0.662026005511462,0.721748802168884,1.58379397608975,-0.958799860989309,0.858437359405633,-0.0741015156653676,-1.357154798486,-0.214578448162576,0.474371238348566,-1.36323189504811,-0.26760866117688,-1.32088292030777,0.510171896956692,0.24185022837669,0.0897332955676955,0.630140423203701,0.198225795629637,0.509188671978252,-1.03617776019399,0.362334640439237,-0.893620269963828,0.561966997405379,-0.0276835806909059,0.0423045302765351,1.34826495809518,0.660245893837914,-0.955176649527412,1.13232083603236,-0.297465357515763,0.505144233584592,0.709364577233211,0.710312116102855,1.12554191840305,0.809148337605665,-0.955036071700802,0.544679702418122,-0.120036736740828,-0.130512656546474,0.75697874908234,1.44524315550662,-1.02997783677434,-0.499097841815994
0.943216553837883,0.583057923241751,-1.21502782461308,1.20952555457501,0.887512295214408,0.120478735720644,0.779113996091735,0.690504896566137,0.301561811729807,0.643620853275619,0.761472340138012,-0.586359851106064,-2.13269225630421,0.444008838152356,-0.0332136170912748,-0.980434484247629,-1.41122028378699,1.22098842621748,-1.0845249347612,0.150657820980087,-0.96572581903235,-0.325980082567418,0.833793299108715,0.555608134276099,-0.410276941080492,-0.0189745811675201,-0.565376954685728,-0.287469471009368,-0.391812122225742,-0.907470476039653,-1.92627608160578,1.26207806752571,0.400885997299859,0.149333482324259,0.0591129423255233,0.326670635662716,-0.279340817466863,-0.477792382007515,-0.398483535078024,0.824591980586743,-0.794091399709988,-0.514311974842463,-0.795168046118,-0.263304224693431,-0.513182576440894,0.703427711225738,0.910931582334215,-1.00159090001525,0.206691289372925,-0.370513270714467,0.857052707484802,1.20181068981788,0.645617624112405,0.155690545189841,-0.201074906626297,1.80962892166769,1.33854637586644,0.287271124904566,-0.414170755241847,0.918383429920077,-1.20191751871134,0.328965410281497,0.207259954137201,-1.30356503841306,0.0382509854372824,-0.193271763679668,-1.34594688325571,0.218112402428375,1.3634199582365,1.15950142904359,-0.465182386687999,1.33382152211275,1.0101633791822,-0.593164393410103,1.17470833888201,-0.588735067026671,0.632741240207059,0.0130835785073622,-0.593580175282516,0.694987013515312,3.18028546291609,0.360027589462144,1.39581336834147,-1.52559355752341,1.1887721608188,-0.314130836393912,-1.28583029130956,0.0100140599210828,-0.445866016300245,-0.700577908075132,-0.90662404551776,1.07664914599939,0.113930944928395,-0.123688099856813,-0.150174777873976,-0.445205980744908,0.901083764342036,0.4711759413692,1.24396007893042,0.453969482937873,-0.442615015003508,0.171936998662458,-1.24301529874017,-1.55370641411802,-0.130373701242796,2.19185183609754,-0.629866662729964,-0.50270331103199,-0.100866905814032,2.43415727966203,0.577022194444379,3.17494730242612
0.264584173509389,-0.0644997963247375,1.57893130684537,0.925696944770653,0.210877624453154,0.796953483254853,-0.231080972349556,-0.367217540574782,-0.115081663609537,0.626018630659947,-0.945167060558534,0.723729942291058,-1.54130940950322,-0.748592691382747,0.693336867131303,-0.0344409653809449,2.03445177259621,-0.27359349199141,-2.25385607233597,-0.272559769657133,0.245621202612134,0.437992196124915,-0.0911627965616786,1.97426895635692,0.0694286958574415,-1.57705656677402,1.42948430066993,0.380902317506124,-0.00543089904322142,1.22214743173494,-0.419623812469489,0.308278643405369,0.00318331850706596,-0.412661223918808,-1.64644485226193,-0.573880726237654,-0.58780468928182,-0.534838544505431,0.360364473344687,1.5082022938797,-2.09509664261555,-0.606720395770118,-1.73907406829865,1.03420967636726,-0.273232919268759,-1.39308343445199,-0.22668641001154,-0.575714899519704,1.91823152607156,1.45103228783257,1.5386703115668,-1.33038503730423,0.29690044413769,-0.721669205089983,1.08772588877457,-0.856792197942355,0.58114243809342,-0.679058595137572,-1.73994481957418,-1.07828953865233,1.20936670866486,-0.438275213707795,-0.304010392017839,2.3452871962836,0.526887715956969,1.60334688389652,0.721124137195717,0.357661628372887,0.958270297323721,-1.15838048686932,-0.710999800637015,1.04934154703403,-0.123958250012095,0.246133546001141,0.138593668958123,0.156682360088994,0.820625734934008,-0.234916677639994,0.290949471663475,0.264523582937028,-1.19969568548496,-1.64561931651321,-1.35039859383333,0.310519057396438,0.565043525737678,-0.635393129672291,-0.209133065332029,-0.77617594362489,-0.284158087350183,-0.674929991534729,-1.89973493400627,0.507447507570856,-0.664011337784186,0.531571272399449,-1.57403254592176,-0.103169217323914,0.730114764546171,-0.944539748855673,-0.554710127745585,0.960685972883546,-0.568326704280258,-0.734829148134905,0.134336351956815,-2.01534886045474,-0.47883709634289,0.00148307607996933,0.105226544635059,0.866117648907945,-0.18611900081863,1.89520083208489,0.570442973693944,0.495899150355723
-1.21828153045802,-0.978582713980932,-0.714494805315594,-0.0847760020068692,-0.168286131790023,-2.09400198269661,-0.440572775888699,-1.67141398901297,-1.14653828771174,-0.662226069274396,-0.10534027000359,1.29474793377561,1.46431151213526,1.82084709052007,-0.66593732451648,-1.2439454286265,-0.911321659084552,-1.37190547648739,2.72459816553308,0.809307947983259,0.214487179348517,-1.48231767421589,-0.782248278623244,-0.933175714329237,-1.32278059477081,-1.15659329531457,0.468523013329475,-0.356732235226226,-0.58550320694148,0.636735030425812,-0.273181820859488,-0.439549225949717,-0.302301428101277,-2.23564030154345,-1.15189178018379,0.730171477290551,1.34697669085009,-1.02483067980706,-0.470101191378541,-0.905254686419387,-1.35308493156058,1.72203909430326,-0.729779825488248,-0.79994937758807,0.6978101151156,0.862393102960016,0.445299767781675,-1.58549812906628,1.41542064693105,0.693178189579553,-0.639344883205315,-0.563291815322761,-0.985702005407178,-0.530429200726642,-1.18341446089744,-1.82787120341,0.38126443114974,0.75283256519538,0.593767549821518,1.13787056389927,0.00211106341360315,-0.479203701608048,0.893675916880512,-1.77020045256533,0.431977003824871,0.98011377656375,-1.0226434252927,1.14387154190412,0.250552433703517,0.196318943553915,0.936172946159524,0.863396611096765,-0.288959627983551,0.648795427305599,-1.12611545437384,-0.369392081178247,0.749476505571491,0.441544194442544,-0.283560914426127,0.213082089011332,-0.273384193361912,0.420760448017055,3.40437863074703,0.317535968235158,-2.14902111778872,0.640577421052718,0.0556737954171081,0.420757146131939,0.0187470979551752,0.93998275821525,-0.0191614863127097,-1.18253164120609,-1.15229378811376,0.700620805936499,0.482444454193696,0.603883576278126,-0.730564562269531,0.451645338013588,0.0083474410175777,-1.06165608841927,-0.269697886660555,0.0696633938786178,-1.25597023951037,0.578349608958676,0.546207221013948,-0.28102551506005,-0.155597863476363,-0.908874415143239,1.75075811532032,1.70288612041982,-0.0162872084873424,-1.92514642454772
0.992187563235131,0.108594339445088,0.218176845224724,-0.0382780321332878,1.53770992167692,1.17160413008293,0.403071840727769,0.0148081327027423,2.48117740469494,0.497078183015898,1.41026988478458,1.19787990967384,-0.633569562525315,1.6109061343143,-0.327517519168264,-2.09910197193961,-0.479907751989884,-1.91492788834008,0.0373906283356345,0.183628782079219,-0.312888674409477,-0.60812090581434,0.0377699910399172,0.279082956922442,-0.546505247174437,1.6969371999311,0.625227951191486,2.11127491245539,0.668162303153174,-0.313036135721845,-0.384431926258593,1.2999591850896,0.494709642971661,2.00860864334947,-0.514185844255193,0.583319003100355,-1.62997152860431,-0.289555725694005,0.0751499236727163,0.992120184098332,1.35616667483687,-0.129883617619391,-0.134359143901248,1.26402400841584,-0.953107747079155,0.467301703283989,-1.32733341716482,-0.346357037023134,-0.981711088694606,-0.5056740185253,-0.807321556992099,-0.231671235055469,-0.316205206320163,-0.203080653264518,-0.432115282923949,-0.347185038782314,0.439785396801569,0.866449282544011,-1.17545797682327,-0.308642037731192,0.508298293675159,-1.18722918852794,0.975084368137492,-1.94887282215418,-0.106927487184754,-0.585449652076246,0.314001690293296,-0.777383488227608,-0.454989563806255,0.493648380739031,0.580865368699848,0.192823895084453,0.314917038413656,0.92498907513812,0.289916222550727,0.612040071437551,-1.46653083912797,1.79204888604723,-0.447692733482471,-1.04998145173775,0.00747485160208167,0.0234637335679207,-0.43656026841967,0.204799198092185,1.20917667229418,-0.85711482303228,0.355307025916606,-1.25678578446787,-2.0979403557229,0.0490817824550169,1.05283166521801,-0.201514661790552,0.941018833961644,1.08075168656872,-0.814391839299484,1.99239751594961,-0.462356645171916,-0.412634083258782,0.944816966560953,0.422159696761455,0.462682143831951,0.176303596432155,0.332606741135917,0.454151660876872,0.0102514742691282,0.700229680003672,0.714860967384856,-1.18166763122833,0.426635878850265,-1.01174803919015,0.918156464293057,2.7753568346126
2.44767926064034,1.1448983843476,1.39446094613537,1.30481926010683,0.324893916865692,1.65794728343406,0.212987996821572,2.53224511606218,1.24567264666922,1.80543599845031,2.86341026109755,0.755171402169374,-1.84481309754453,-0.481184852342172,0.305678026321644,-0.242923541846412,-0.72113672939246,-0.671033665333082,1.83721407385402,0.910197617510633,-0.998820571535643,-1.26712065518388,-1.03151599249116,0.0373138044843914,-0.248859938146686,1.29174687693319,1.12757178074255,-0.226565873271111,-0.237597515693675,-0.025832253239508,-1.50840073913473,-0.291306111622408,-0.206079389227508,-0.26117632467784,0.393488920062619,0.657379237130983,-0.173608679647012,0.564710385406236,1.12430053778821,1.26027376535033,1.46122724369954,-0.257066442559746,-1.61087092195543,-0.966549334755404,-0.0695331616163397,-0.0805894089750286,-2.34293389720194,-0.380373100903851,-0.847143768738852,-1.6753504972594,-0.659177427975925,0.502482810491223,-0.223052498690773,-0.0412465084489318,-1.61073689474249,-2.60488569558287,-2.83971655543255,0.00332654009232575,-0.219322906869972,0.981833302503822,-0.40009794494024,0.81474673609167,-0.649070956006999,-2.02574239485529,0.245700624214669,0.58079843570202,0.383469216485533,0.787805527304325,-0.794218474709815,-2.78601353900901,-0.0248159366758622,0.209606439965384,-0.0896522842198809,0.675228603814209,0.575846597369921,-0.446427290835421,-1.01002258337147,-1.04805064849487,-0.155841699008347,-0.138919254165844,-2.56289041775392,-2.66568553389266,1.50077512500355,-0.364531947752579,-1.47220517154591,-1.3081384185573,0.0156171735965913,-0.0561496130189296,-0.540609546823194,-0.186402337161942,-1.41009681268551,0.0599753224195549,0.678810391708487,-0.388555803770274,0.267808807310342,1.18420269910244,1.27434947309743,-1.61117852966135,-1.48047426154174,0.878181029858594,-0.83056996185029,0.313292179999624,0.604159547212303,1.55581754409449,0.196798767863981,-0.497677822149041,0.0664701501379755,-0.331597706373523,-0.707064181113983,-0.561183270196145,-1.98411201405775,9.86981710670186
-1.25934854712009,-1.33385288681496,-1.42410855951931,-1.3722819115907,-1.19599766272192,-0.557107357554262,-0.440155038911251,-0.0565583565853047,-0.860096985638104,-1.35092738360254,-0.764817851869038,0.239506768870893,0.575701528864027,-0.692587107382199,0.519881611481109,0.634876657198005,-1.29677475515831,0.347573435835937,0.292489947365126,0.865125874894348,-0.648962937723465,0.670390385357288,-2.24901894142102,0.599149701457877,-0.198854778382407,0.945986269962249,0.865060601162994,1.22945554634068,1.09247977131762,-0.0837453165177647,-1.95788721529345,0.945653888418482,-1.30272893113648,-1.17139413692763,0.23842934675395,-0.674569524805117,0.478038040781133,-0.266978499312348,-0.995822921349958,0.18325045407612,1.60965801741117,-0.920748393323741,0.187960042563405,0.717877757973729,-0.732888046061895,1.50302242589413,0.556870674422649,0.474071283939841,-0.720371548110442,-0.950052060750295,1.96743241457386,-0.101925778249901,0.475663020359622,-0.518621951614859,1.93232875006213,-0.549150083885132,-0.165138600269562,-1.33368162081622,-1.22871851748083,0.301196321050231,-1.42816212490433,-1.18363210221035,0.969502541085883,1.40250572145172,-0.675995915137961,-0.344988167255139,0.476039242819897,1.3346445587515,-1.52147085273994,0.795871447613199,0.80682914556525,0.523704640728153,0.850574982649757,0.351314707427977,0.404128934056434,0.236574268408275,-0.658330230478197,-0.522739675641006,-2.25474683643435,-0.115264479636724,-0.0385661899205848,0.873516656968892,-0.459117524192077,2.95478978608529,0.519133767550639,-0.190300894747657,0.902516558148001,0.6260125077987,-0.831705781628123,-1.9490987535865,0.35502381150524,-1.09606681741442,-0.588167900084897,-0.824885533391367,-0.346090803101946,-0.607400894821811,0.699232437300115,-2.18062506749878,0.50606078817346,0.0881173138158048,-0.735530669674522,-1.68378831496087,0.975411930883231,1.41548077073463,1.19689122378448,-0.76756987993759,0.722903039956503,-0.954483028513392,0.141306057792967,-0.308995325712364,-0.878604477881869,-5.94124131689254
-0.659530869885603,-0.264159982165245,-0.772779190468721,-0.492118988071395,-0.30920251739094,-0.362084865465705,-0.39656558304174,-0.566109924645409,-1.12343356467873,-1.50645537360179,-0.432147451866052,-0.675709533387576,0.643780644373019,-2.6359476255601,-0.947671194082651,0.945694658139107,-2.12217987898753,-1.26283324116179,-0.852268442033795,-3.60440272097266,0.23192965419864,0.425444119917614,0.369492930766953,-0.598869717257606,-0.92677733792638,1.10429644941121,-1.73280128987976,-0.655916393593824,1.01805139160773,-0.541891763020667,0.915791669527921,-1.97815463528155,-0.630382642375275,-0.813199134875057,-0.590612327926093,1.79021232695747,-0.26712922056439,-1.40540155936808,0.80102551560784,-1.16993486843569,0.21579768434897,-1.31419303164486,0.937757296156714,1.01327305757534,-0.722550310737729,-1.08874958784596,-0.184747594000961,-1.23565723555228,-1.76854545488296,-2.07456316668424,-0.185669030680581,0.652841927919698,1.29380349594608,0.299784931527224,0.447344199031045,0.588185352897296,-0.459231402368826,0.502791543856147,-0.174963940927173,0.0219015315475986,0.429607543910686,-0.695211316504088,0.393187939185819,1.40340460601629,-0.392733544010036,-0.180466985776472,-0.239353578443701,-0.865073754559096,-0.10531428976724,-1.12153485680782,0.0439446198940983,-1.61299898165326,-0.247379625757799,1.77334199857379,-1.24406384328998,-0.638612147740375,-0.231755136971923,-0.0429595178680142,0.786404410760446,-0.124880519746262,1.66436242534674,1.49165364734908,-1.52558999967018,-0.084609636177355,0.336929413950552,-0.0177780127321859,0.657612952290376,1.02584067252698,-1.17250975875261,-1.34154657619651,-0.366057975260161,-0.113812025114949,-0.0167884409647101,0.634692779398121,0.808902936238926,1.51526370358217,0.83736446632493,1.74413850386373,0.256894569127693,-0.0380166133645273,-1.20439126856269,-1.92796288360691,0.101412553934155,-0.84471495244893,0.509518180223556,-1.0350026362001,0.992667067975669,-0.16002715484269,0.061300036647339,-0.0772560272622061,0.897850419560383,-4.00336972826236
-0.307880863393545,0.893374635568732,-0.942390432561423,-0.0422639431100133,-0.122462316186929,-0.789757751336076,-1.04724738762446,1.37144894612458,1.45144271482346,0.204004943924972,-0.837488135833674,-1.66387369355992,0.894017075565501,0.575263321382251,0.150309004316543,-1.73992462943192,1.26768604454494,-0.900582025947678,-0.231366885878483,1.30772058619326,1.08266445919375,2.42738594132495,0.345304955221018,-0.179254095132567,-0.799439771080045,0.920748964667398,0.334462135084983,1.03612030817556,-0.966276271024956,0.94013693838437,0.716672499887275,-1.07184415985629,1.90473677294511,1.15198708206321,-0.723184365072833,-1.14769469932562,-0.624054957819689,0.685332222028949,-0.522549085865892,-2.57974774395267,0.433400336873993,-0.550950926708655,0.607735998348946,-0.792427028830625,0.783865527868126,0.420250330897644,-2.30912267045005,1.33186885280444,-0.636147112608921,-0.00253533625584069,-1.26916791845901,-1.5096696227207,-0.878089368789898,-1.01178967463163,1.05635513424212,0.0135313587514727,0.428573385111292,0.15986724072376,0.281818206086663,-0.109269069479445,1.79679078751378,-1.09677224122346,-0.252243968843854,-0.382751448060007,-1.01390283348465,0.137177266610186,2.2645851822542,-0.660165177065272,0.35285128207384,-0.863650074505738,1.74426155051423,0.994982993627574,-0.0213393636905143,1.22872008323655,0.808762081836498,0.726923197863932,0.651916528244338,-0.105061671419919,-0.37696822134184,-1.08623730854642,1.14982800179835,-0.467075223075631,0.290021753304439,-0.214208574378807,1.23517673769586,-0.889543212656006,-0.125445101508781,-0.389032659356968,0.345528279783197,1.7125497836902,-1.43490571779864,-0.250517043948988,0.333222788657138,-0.732685162673825,1.08066946408578,1.38892133373012,-0.618395770945539,1.68656688268095,1.12628871724546,-0.310156064361262,-1.16460634750867,0.145985987160496,0.35744638651042,1.64260635731103,-0.172350958998472,-0.154885581844995,-0.627941464676691,1.14049687514315,-1.44795057048201,-0.16353838897125,0.0615171044950833,0.192381428321894
-0.358378189296706,-0.0919248890904292,-1.43948130380707,-0.783378950246026,-1.43064505839907,-0.658179061834007,-0.598891982143862,-0.0719234258736394,-0.656347899394845,-0.534381668771635,1.32269520141205,-0.0635247967514159,0.42404640301113,0.376544090333438,-0.404135798940383,1.05665413764387,-1.06274059054271,-0.591941149902059,-0.409120319912692,-0.0529999016916299,-0.551968239905303,0.767418496245469,0.0152750526928517,1.7388826144881,-1.8614776300217,0.838159219873538,-0.873808729075428,-1.10288669505854,0.866427224524905,0.325102059613492,1.1307199806445,-2.09644580724127,0.539574832215869,0.372667038362084,0.611593748902528,0.405780490546932,1.00767128148404,1.23665933352684,0.537557500366023,0.214204771524727,1.94759703861626,0.491500523377777,0.932925982211624,-0.197385383735679,-0.106899464798848,0.380091344820298,-0.668293840754368,-0.194585749198023,0.504852055431044,-0.126487827979158,1.31143527368227,1.434293331661,-1.09409157221357,-0.87179481802617,-0.0683986002737551,0.923809448542363,0.467046335587678,-0.592688020135233,-1.26660843244711,-1.61563387678217,0.678765415834298,2.84047584450893,0.27006763662113,-1.04531464955659,0.247473688149315,1.25372183060205,0.0634699236623065,-0.0886193620335094,-0.0699712201496822,1.1370887133733,0.579959224738681,0.254469455021309,1.13214372009244,-0.413863254203245,1.71205149031192,1.30741619898634,0.964434163431223,1.21908907425394,-0.151221115241638,-0.282131678755742,0.405017630355845,0.211072098685659,0.748172650206132,-1.99980331368701,-0.328231086402237,-0.864533182336438,-0.84425050664385,1.52590631891418,-0.094550275217017,0.621821759747561,0.875002744326607,-0.401799261752796,-0.505526258959669,-1.4557569684478,-0.950385172129067,-1.45372098387098,0.421390837157927,0.970076271603823,-0.303361904686188,0.322318400078356,0.16739785902933,-0.0250953433709962,-0.194679251272172,-0.977130486974176,1.73130318634701,0.0954484979823652,-0.33857546071088,0.184073183751204,-0.949805391959573,0.499685027071711,0.215472800181282,-4.15079471393419
-0.327977123192424,-0.10372519891236,0.0500554357932224,0.346518901544634,0.468045142326016,0.581948196076197,0.437318729508157,-0.241138357292087,-0.930884579241154,0.664644552362719,0.272331763869506,0.60563800449198,-0.54225260602234,1.73573235999801,1.05276150154622,1.31357050151686,0.714630270241662,0.495240755481149,0.842760350865273,0.41357144796612,-1.49801444126807,-0.350128734296245,1.16327063850786,1.07897590042457,-0.730973883428356,0.0352878789069521,-0.728036123377527,0.313650680472239,-0.500017173958037,-0.0812789868652915,0.263048945584809,-0.679771187976834,-1.82743762234356,0.923655109655904,-0.578738257709566,-0.181724711484044,2.74709633024057,-1.93387190558799,-0.744429822989672,-0.966236088366253,-0.819032211550316,-0.902349016073571,-0.0365463101972261,-1.93988609304494,-0.42548625187925,1.10276655832351,-1.60393446501566,-1.81864042724359,0.706224753002467,0.482490367044333,-0.845959900488085,0.349445148181856,1.98800633739555,0.419748987043165,0.750723904263289,-0.284910112007751,1.01030214617466,0.640471079532086,-0.0321287971208905,-0.62601223337616,0.260021761492619,1.28922344899238,-1.63103378028705,0.206679595112894,-0.743135272047124,1.19663962550992,0.426787823479169,-0.470430976760534,-2.06925723612612,-2.25390127147777,-0.736769256438197,-1.28540359078431,-0.264421124057334,-1.7171777836437,-1.14472728807065,-0.732671287746387,1.7692113140015,-0.474176687143733,-0.26565704447686,-0.453999621777076,1.34717778478618,-0.956429462643454,1.49145572678142,1.02527450460723,0.859270057373493,-1.14146333350501,-1.04620165862956,0.850162111952375,-0.682884203406441,0.630807049003706,1.51814070387854,0.160903829735763,-0.735355990443645,0.303716910993156,-0.213084088688123,0.85103762119161,-1.67044681374035,-0.0609983517477555,-0.928338319757811,-1.65345971441818,-0.686843120055742,0.567632352611072,-0.537374190651452,0.0798335453960529,-0.00942875503638538,-0.327925649192695,-0.567786770533141,-0.540983098575872,-1.66698960893482,-1.06611883729994,0.775558613451563,-1.22263873201655
-0.141208780694359,-0.670052333978671,0.63353747480245,-0.190553746272597,0.0589037259185179,-0.514085711656384,-0.0631369274317863,0.491046887241121,1.06219992984699,0.740427398920021,0.0170722618806816,0.168120759862395,-0.0236269736479711,1.20003535616905,1.21689546335232,-0.501917858196382,0.416288623846682,1.26353374020772,0.350790989549432,-0.478833044272862,0.587628060882828,-0.972701585355097,1.88486060325418,1.11760564483754,0.767968110208579,-0.4569443712908,-0.715928445346391,-0.0849179806949682,0.704076148168117,-0.638582513475442,0.285250867921936,-1.41780337461645,0.673249598109305,-0.602528969925434,-0.00612800161303195,-1.55316256088242,-0.0652883805782666,-1.13707557784559,-0.213512963761793,0.199376648202948,-0.0429874919383341,-2.44152068611368,-0.621677041255319,-1.59249295780686,0.628042769426009,0.198134216393146,-0.349595217836922,-0.798290440193571,-0.316201185212101,-0.222605896533694,0.140214858843625,2.17270393950902,0.0255725359574202,0.0418858983644522,0.688849771928519,1.23894477942441,0.331431156829704,-0.650967341425731,-2.09960097310157,0.172968260268811,-1.53901461952829,-1.49759721076808,1.35948722022642,-1.42036415818959,0.616264208966975,-0.954605079783469,-1.11059407494106,-0.305820941363856,-0.0482571272298855,0.445361843852213,-0.439124826182089,-1.87542191805581,-0.487435091212764,0.883060525448853,0.103918475609326,1.6664578442511,0.227473030658118,-2.18854101539476,0.252974447846116,-0.616972355810011,-0.54840689030741,1.62441564946097,0.39577540283084,-2.17069967602181,1.33477052763969,0.324614418620157,1.22722049430625,-0.460189529282217,1.25628671664544,-1.25389513501295,-0.0451632370116101,0.0908762433655575,1.03762412657833,-0.616301446712823,-1.17534561708089,-0.709944278275389,-1.79591018205873,-0.198165007635727,0.349245491024459,-0.0686169117591625,0.284218586864598,-0.35112664548563,0.222964626421277,-0.130202802808799,-0.455896005272663,-0.587460030697744,0.606042400078335,0.344690887634213,1.56160317478794,0.925303640505767,-0.443974713805887,1.61975546379229
1.35978365788043,-0.0810380581818969,1.53180835181431,1.91517037451839,1.00300836210165,1.72328908246299,1.26242047418698,0.990818611255366,0.773423750740623,3.04994136118542,-0.428468795208801,0.931758745265914,1.255978636301,-0.306063007121618,-0.249316647617477,-0.797161594613393,-0.804530110915045,0.864649772750821,-0.396347342735539,0.0819865595104746,-1.0503442340161,-2.01220753807074,1.57316327325127,0.965834456481515,-0.157102176825337,-0.0776885526110107,0.243002165843889,-1.37806776472819,0.188414740119453,-0.542338816973362,-1.10023141137438,1.46516062576995,1.18849596381834,1.50932186234846,-0.982082957041406,0.0569570699018695,-0.94702812836722,1.34393923171702,-0.955690935902931,0.195585967831485,0.645360079286822,-0.261948206400001,-0.160109366088713,-0.229001742160418,0.831463746420418,0.342101640028256,1.01039488050404,-0.153610528180559,0.680562157648365,-0.0671648262346821,0.473036550841827,-0.933262941834379,-2.5275863402163,0.55595564542021,-0.769735555885111,1.40095526988173,-0.00875792644253395,-0.726712406936726,-0.161210817204922,0.149036021697848,-0.0777601945172202,0.437838782159816,-0.282026513519673,-0.537737547358345,0.388788084494324,0.510783382242013,-2.98821999630942,1.03074158265174,-0.166091517970298,-1.38196431903226,0.472293932855472,0.966442010875485,-0.42801888539485,0.257928662450921,-1.07285233900189,-2.21106231901584,-0.634453799032287,2.11960592350143,-1.27668883115821,0.380867785929715,1.1665618029805,-1.11776898400691,1.32282490982267,0.267023418456995,-1.03407108331254,1.40570757339445,0.990384472582766,0.869706618715309,0.834203406741007,0.529058733914725,-0.381448056652542,-1.12460277138993,-1.30325910335295,-0.117496100367195,0.501205893815719,-0.855552977608215,-1.44507148061788,-0.588302394973372,0.207606160357063,-0.902409426834141,-0.175014758955958,0.199663214011659,0.63190310195259,0.306479441042248,0.913244530864426,1.05951246063842,-0.815135455228078,0.742020207530254,1.3762802781884,0.336754981253654,-0.250249057692866,8.27212750549382
-1.22678766091345,-0.458622582076634,0.10514511269157,-0.369833519572741,0.418433474512897,-0.0446874953197283,0.589019375587297,0.548581729523613,-1.09198686489966,-1.12601361149459,0.876178176821057,1.65449926620707,0.250281582102621,-0.231946360659262,0.438679255337595,1.37503656693492,-1.02881633190018,-0.669629956350355,-0.213956751362773,-0.148635406109674,0.693756416894946,-0.943425074312337,0.635099353979423,0.069036447714134,-0.380022562754155,-0.561909975128023,0.133699621498694,-1.75409198700876,0.779942120293766,1.38864722576763,0.142718171938769,0.103655764109738,-0.0363504278725083,1.01652185130113,-1.9059740738502,-0.889460392968931,0.276055672153938,-0.426623482028754,-0.467280151981116,2.42397023798269,0.71938921722429,-0.551024319807771,0.955546769950836,1.66729228513324,-1.62639095948951,-0.292908739790642,0.546755976116104,-0.836052511633218,-0.624821289531478,-0.238519296577181,0.594600556748086,1.66830794484476,-1.14757870822106,0.278426636098258,0.0858341671196698,0.381508099188744,-1.98576177787587,-0.103806028791426,-0.683461510535782,-0.554117178766449,0.0227760988064885,0.222834424138875,0.701766657699694,-0.0857620281017291,0.782103497705115,0.905482464539123,0.589821928659341,1.75320944273764,-1.00571329174554,-0.150727909337085,1.78866546955359,-0.541739271577483,-0.795256752076013,0.26304704031034,0.963244989803958,0.454326058216906,-0.692490641277027,-1.03252131807748,0.484857429857478,-0.438466561729717,-0.0372172343990372,0.198125948081002,-1.0718058718901,0.836212714944896,-0.567987461017752,-0.458943237067553,-0.586468799857578,-1.00119692799737,-0.442502082215104,0.00525694805413957,-0.284828498950321,0.0413055597700386,-0.274722323676899,1.31304449734239,-0.33768934698748,-0.579945280406286,0.0624623005067459,-0.318122002493502,-2.56880944642038,0.142504922895137,0.375614881112146,0.734308363713633,-0.735825129656066,-1.63387922201937,2.34843062583256,-0.463163794351935,-0.414665937066103,-2.13844516771266,-0.735621693021449,-0.144324786107646,0.3063969969944,-0.189589468724278
-0.71764203869794,-0.97255035949963,-0.301017547933087,-1.4718780049198,-0.524740107386584,-0.536740694795328,-1.27716147361088,-0.855713308758127,0.654827620690118,-0.240286020041306,-0.0892575262867582,-0.175261034888991,0.0489192455227545,-0.533361029274088,-0.0922138912023153,-2.25839064564903,-1.41638206940895,0.86273625607919,0.452814265875571,-0.139071607701247,-0.964173605583748,0.0163597792504298,0.406148525184598,-1.16806333438214,-0.76581453815765,-0.279356340533993,-0.744615654593719,0.0109642897677121,0.833933918202127,1.81087016098244,0.613886794152568,0.420773361258663,-0.834609759396323,-0.862919754549204,-1.59543738965031,1.20004755986747,-0.985673633832512,0.43483292617323,0.885708704966755,-0.83502337772263,-0.230226121067695,-0.382588351021767,1.13420928194047,-1.00281562211125,1.25345612752464,0.054397611509581,1.47289196540619,-0.360782079912544,2.19405821399871,-0.644584304965932,0.508915830254209,-0.811658524263811,1.30159878545804,0.610484160716188,1.11207227302929,-2.0753851121812,-0.444506440856599,1.34701760088922,0.498582869359601,0.594075343145326,-0.481610625775317,-0.997883837411388,1.17865151029239,0.0546751314537115,-2.7434506099279,0.184989252729926,0.345599423611588,-0.475696084332509,1.3298107201755,1.60635618183422,0.141472058568656,0.678157001921183,-1.36349741445807,-0.852619532376389,-1.36221353845703,-0.867030093932851,-0.989823265455273,-0.480403706725955,-0.243576020572971,0.741150820076219,1.10099237184542,-0.0657937207439086,0.105566612914295,-2.6774178306523,1.53624429010776,0.645099294397871,-2.55865242058918,0.0702575276923131,2.70267415899967,1.32851047481847,0.721520493835779,-0.268238224143248,0.01590053868996,-1.71541702339335,0.351964252235353,-0.747100376689082,-0.470094640864527,0.481415089717306,-0.373728063534839,-0.0552710727789519,-0.667159126425841,-0.519917836274663,-0.225811135796215,-0.120927149807399,0.872410885624485,-0.0686693162268122,0.1336038174281,-0.0908328634409259,0.322475430201456,-0.67896141621419,0.587490140236919,-5.4910905739901
0.739220812877611,0.632169161241388,1.15535262574047,0.359124144000014,-1.66913197531688,-0.636001622002087,1.17520903863966,-0.819391755596266,-0.178836729462893,-0.0288181268450448,0.50927947671558,0.336446394913409,-0.644048322312651,0.402857906045119,0.286363604770977,-1.47461355792179,0.440862204777091,0.727350709201441,-0.474671613185957,0.297099119479873,-0.131820881980749,1.81325018188848,2.1128227670403,-1.75153436700562,-0.20248827181922,-0.59659815281816,-0.335262239390583,1.59366197094721,-1.98031944956471,-0.499061497642687,1.10117165896843,2.10963424602606,1.09074663471884,0.129763110016026,-1.44424339361937,0.117102882586536,-0.589807485619605,-0.843484029282572,0.268606452801167,-0.394479677093221,-0.56311240365031,-0.522302991303025,0.261532871013239,0.693640979992016,-0.138664040393411,0.469405521905913,-0.442574302902307,-0.313196966302705,0.997792734255728,-1.13135023023763,0.238818141902927,0.480006792186287,0.105101394003549,-1.6765463549905,0.115233209461999,2.5825591161641,-0.0799502701373179,-0.187375593691783,1.03200259258414,0.086277018468099,-0.0837466830792102,0.560114912490786,-1.11094162160194,-1.15529172216207,0.0176625732574378,-0.708072914082531,-1.3199470233948,-0.0984093317119288,1.41715896096731,-0.0930842894873818,2.2218011563693,-0.262506892457818,-1.79317520318442,-1.38559886145609,0.409149794478668,-1.61912424921832,0.588298548342898,-0.376499290645306,-0.28061472031244,-0.222165754294101,0.140277174216462,0.349009933279384,-1.71742601849603,-0.720460935949809,-0.889837532468224,0.417355249888692,0.463975230175607,-0.499678673628821,-1.34520644894019,-0.531927785421084,-0.590040824792746,-1.82317772358627,0.616850031746368,-0.761346361948253,0.299922573069452,2.12390071880269,0.219549678278151,0.198775461664627,-1.14636359197734,-0.696317067597831,0.875358291280426,-1.29452409955564,-0.577938490407188,1.0950978874692,-0.457952395129789,-0.35509819970887,0.197433856450874,-0.139586819588793,0.0889644324798989,0.459429090646305,-1.04959692277911,-1.4321623085597
0.559106231413325,2.2707380195414,1.0043402310818,0.448285066299369,1.03795112090348,-0.834076786444891,0.320476279534259,0.948139622292632,0.648412932909631,-0.585822833969182,-0.633604285374147,0.544483509644529,0.715443183765803,0.52255213279149,0.294051962504269,0.722370900420386,0.0368358689924491,1.01275438569218,-0.173540314792225,1.35136844992518,-0.236302533628076,1.13907765181808,-0.593709248030818,-1.4830707305327,-0.514206104402403,-0.670583783048026,-1.27871210550131,0.286480284802488,-0.996821283893031,1.10814767058946,0.796260901044198,0.367997269733185,2.03939884674662,-0.688340496513725,0.275554038966228,0.382496572050577,0.0874940140294294,-1.79335006966018,1.33280111284553,0.11014864763216,0.0480336061220564,0.116326385678533,0.0835965668200176,-0.288424217149409,1.52909702759318,0.0133199851724208,-1.41652290539311,-1.30886826783873,-0.788333587359575,1.07551585146278,-0.822957207078384,0.627952550770828,1.22607311259293,1.44223954730503,-2.62260396874201,-0.150899287762095,-1.69002870412614,-0.49428836707471,0.950598360872391,-1.15563546996949,0.914249249703616,0.365177848429996,-1.08419358735296,1.22116666442785,0.966775072606854,1.77167667547835,-0.218045602920837,-0.282194683567253,0.832719889763461,-0.494279960442427,0.263400724013019,0.230045482445504,-0.342336438628316,-1.24874929349547,-0.716971201749074,0.301808557290875,-0.55720411630053,-0.335597395077156,-0.0976244009549494,-0.530404891495705,-1.12488890121718,-0.642175548021909,-0.772346618369511,-0.733492570559219,-0.291896443618242,1.12594138854163,0.783144499903384,1.48153109891172,-0.125232050972258,-0.250089170254561,0.950294003688744,2.8463381629035,0.298429998452685,0.256770112251614,1.48402530644273,0.741272309890574,-0.308839979971851,-0.514838015562618,1.63828504230875,-0.380981030286967,-0.797923847112349,2.35170235886372,1.58016179400101,-1.85603480089593,-0.353668089096191,1.81162041573575,-0.999601357456488,0.716936427658669,0.262353764257277,-0.358074314614385,0.577193065205798,2.72224561981714
-1.35486660157526,-1.73678877760136,-1.25530933608473,-0.0828907915813648,-2.11275379159651,-0.901727003189556,-1.14402561212163,-1.54500565489757,-1.14725026401371,-0.131170342365129,-0.246751071445722,0.556824253450474,-0.450298850316929,-1.25243851777738,-0.531222312103631,0.216748192870212,0.827598664801625,1.22351183925504,-0.864489679996673,0.0998392274283958,-1.35712931795438,-1.84126639022542,0.256382066056216,-0.715033069512421,0.598195490699627,0.362993586613266,-0.369464852908884,0.492300807095936,-1.18230317637553,1.10241174971533,-0.179351056289028,0.0950728996851729,0.844517129303709,1.17833348755078,1.07963668842261,-1.26326395123114,-0.296973911018576,0.187946352307926,-0.119668334855745,-1.41787602253554,1.14144006965884,0.339557131433013,0.797000613390301,-0.677692491385601,0.541375093518716,1.77254123250204,1.19500434160258,0.287586637137886,-0.697720113591259,1.52084122830547,0.13924709680478,-0.0706822852075185,-0.120329341154826,0.305867921147998,0.0270703057136964,-1.01797348825848,0.946979978898354,-0.162379932190498,1.78633420079691,1.07487212579292,-1.03948655966305,-0.325806977681566,-0.298940974404608,-1.124072852226,0.0502534607458373,0.257137404452738,1.24121543178856,-1.04310402107036,1.01555735959062,-1.55250997651072,-0.154171854035722,0.195927042265996,0.378504459625904,0.203582014371083,1.61448229161614,0.853671348776405,-0.183785667128349,1.05360052145337,-0.277527483226247,-0.487955649320585,-1.21500163605153,0.272589175841334,-1.59131802514145,1.01139768865472,0.219212462670315,-0.344222174108509,1.02924695972024,-0.135575482886217,-0.82378759365741,-0.200056589846682,1.02868184040532,1.78207808085289,1.27220881285814,0.401916852277363,0.918907320316768,-2.3056128328301,0.133216331905474,-1.37859228308941,-1.10407753563948,0.631679322656502,1.10746639150257,0.299970109398782,-1.13424770231428,2.86310965660788,1.49086025754904,0.791855980025987,0.601336740647458,0.466171082663085,0.560751303074221,-0.200049764070035,1.28156928097635,-3.56913027318471
0.678284628559789,1.67491084365513,-0.73165691489817,0.257090808104826,1.6719583505738,-0.603219486657358,0.431754222874886,-0.31069487013914,-0.291929218256189,0.248507569813992,-0.228870198573894,-1.81833332622916,-1.69460438204602,0.84361304148841,-1.0555186664859,-0.327234484648063,0.548262246235477,-0.198323441315226,2.38697574519216,-0.20108581490856,-0.640808045124184,-0.701549566430222,-0.356877341221854,0.376796911526368,2.16611114622184,-0.143535153872565,-0.486158430435697,-0.137537938705804,-0.714483520608619,-0.261741521523784,0.808354700275842,0.943060235670456,-0.927121276490779,-0.261639610027335,-0.431670471652959,-0.287412701878296,-0.360945519468378,-0.622294536241094,-0.622924107363413,1.19021947327229,-0.271749380255925,-1.78817244575093,-0.273243583941612,0.655689863478444,-1.74836608484899,1.0118211196565,0.0354743206868148,0.104640679631783,0.868092930767644,-1.42433879523036,-1.18554090484936,0.230842577594777,0.0317376053816749,0.0361407854221236,0.22144745425137,-2.311287156685,1.95331403957578,-0.605195365914336,0.97603016788599,0.451646488852164,0.464145510159176,0.165439548124397,-0.718973707858391,0.0986877619527178,-0.136420976308899,0.311927949474317,1.37544146912616,-0.915071519811176,-0.441976851787634,1.98710352368926,-0.0293429122119751,0.546781057230506,-0.922733466382568,-0.159344175593234,-0.926679814115696,-0.890327048096486,0.483584419574126,0.0617500984426742,-1.61898309205475,0.139494292697538,0.108308281085621,0.894225720825438,0.610584371647387,1.20340568090001,-0.40203821945717,0.386438224841002,-1.18713639458796,-0.25665507441655,-0.345251963154441,0.811034798124121,0.228377661318151,-0.846430922833419,1.01975810978958,-0.628396408238533,-0.113942102386146,0.165771852538526,-0.190696385866891,0.0324275366678825,-0.846052956275718,0.989936109138199,0.564079321901309,0.349292803636399,0.649340629346067,-0.244936422156823,-0.251861952205083,0.634440340080287,3.23080076818844,0.742191116704876,0.716223176821208,-1.40965685272675,0.391083510422791,-0.700055264871246
0.951862733831743,0.601105829073298,-0.944152040775268,0.513562270761489,0.261330175797748,0.52989533211508,0.435938578876648,0.646552201780451,0.342932887228918,-1.06432405516217,0.469618042036704,0.753439086807341,2.07739838426853,-0.617438610711507,1.07579526830698,0.512895383730182,-0.36960068985791,-0.963964757738518,-1.0223290527785,1.71652558222792,-0.756906937135692,-0.29144371193107,0.551214852473135,0.248083714299474,0.847488827994918,-0.42141147945812,0.774357151874209,0.281850502921301,-0.100476648916358,0.535497813795214,0.117473937505565,-1.28711056622985,0.328894469944446,-0.898658176404658,0.487644683192499,-0.385273382671309,-1.07298434363108,-1.05748640714972,-1.2210960922842,-0.162853927525304,-0.401198059443232,1.18581939569761,0.631444002099552,0.632159025303053,-1.58529405557006,-1.16687070454163,-0.527342604814578,0.372294894412984,0.809927075915239,0.616066650193263,0.397201823445493,0.26100761834687,1.07211209358902,1.31127096046697,0.81647027703289,0.555058420020642,-0.694130139086668,1.27832742241925,0.75210203065309,0.10988782504151,0.148289712347696,1.43465127846608,-2.26952318657049,0.193644673682703,-0.743047090047605,-0.458315272865376,-1.27272042931625,-0.391239082642662,0.0482697373159702,-0.33259109304417,-1.17659800569387,-0.412619961242099,1.58330048031131,-0.862237776151707,-1.12204426805224,0.872919129897516,0.448773065794101,-0.528717382113995,-0.356864591144347,0.390760493129094,-1.91434874315181,0.341279762345648,-1.19636246478051,0.899550553904064,1.09287892698178,-1.08608716190657,0.239494600963159,-0.718580188721212,1.43231275928752,-1.31885692660343,-0.969200120735496,0.0234074706139293,0.206397828873818,1.16166681336398,-1.04618164222498,0.789678626390702,1.29232067345794,0.955844634933269,0.550726708400106,0.179153846714188,-0.788607976988289,-0.602133253417832,0.100299889179834,3.07694095302863,-0.520491441225293,-1.17900768019621,1.02669536589493,0.454912975544086,-1.01364680447104,-0.626677059116832,0.379225964130165,1.34439085235608
